"","ID Monitoreo","Fecha","Personal","Código","Código control","Tratamiento","Agua inicial","Altura","Crecimiento","Tasa de crecimiento","Tasa de crecimiento acumulada","Herviboría","Estado","Nuevas hojas","Flores","Frutos","Diámetro","Zona","Familia","Genero","Especie","Nombre común","Isla","Sitio específico","Latitud","Longitud","Sustrato","Altitud","Proyecto","Subproyecto","DAP","cc"
"1",NA,"29/04/2022","Pavel Enriqez",9639,9654,"Waterboxx®_Hidrogel",NA,765.55,NA,NA,NA,NA,"Bueno",NA,NA,NA,NA,"Húmeda","Asteraceae","Scalesia","pedunculata var. pedunculata Hook. f.","lechoso","Santa Cruz","Finca Mario Piu",-0.702461,-90.354467,"Humífero-rocoso",176.88,"Restauración ecológica","Restauración rural",14.48,24.4750504
"2",NA,"29/04/2022","Pavel Enriqez",9640,9733,"Waterboxx®_Hidrogel",NA,1088.64,NA,NA,NA,NA,"Bueno",NA,NA,NA,NA,"Húmeda","Asteraceae","Scalesia","pedunculata var. pedunculata Hook. f.","lechoso","Santa Cruz","Finca Mario Piu",-0.702459,-90.354411,"Humífero-rocoso",178.3,"Restauración ecológica","Restauración rural",14.64,24.8337272
"3",NA,"29/04/2022","Pavel Enriqez",9645,9792,"Waterboxx®_Hidrogel",NA,730.83,NA,NA,NA,NA,"Bueno",NA,NA,NA,NA,"Húmeda","Asteraceae","Scalesia","pedunculata var. pedunculata Hook. f.","lechoso","Santa Cruz","Finca Mario Piu",-0.702542,-90.354475,"Humífero-rocoso",173.86,"Restauración ecológica","Restauración rural",12.9,20.933117
"4",NA,"29/04/2022","Pavel Enriqez",9646,9797,"Hidrogel",NA,750,NA,NA,NA,NA,"Bueno",NA,NA,NA,NA,"Húmeda","Asteraceae","Scalesia","pedunculata var. pedunculata Hook. f.","lechoso","Santa Cruz","Finca Mario Piu",-0.702564,-90.35446,"Humífero-rocoso",172.77,"Restauración ecológica","Restauración rural",15.66,27.1202918
"5",NA,"29/04/2022","Pavel Enriqez",9649,9797,"Cocoon_Hidrogel",NA,520,NA,NA,NA,NA,"Bueno",NA,NA,NA,NA,"Húmeda","Asteraceae","Scalesia","pedunculata var. pedunculata Hook. f.","lechoso","Santa Cruz","Finca Mario Piu",-0.702605,-90.354477,"Humífero-rocoso",174.65,"Restauración ecológica","Restauración rural",16.62,29.2723526
"6",NA,"29/04/2022","Pavel Enriqez",9652,9732,"Cocoon_Hidrogel",NA,589,NA,NA,NA,NA,"Bueno",NA,NA,NA,NA,"Húmeda","Asteraceae","Scalesia","pedunculata var. pedunculata Hook. f.","lechoso","Santa Cruz","Finca Mario Piu",-0.702637,-90.354604,"Humífero-rocoso",170.26,"Restauración ecológica","Restauración rural",15.6,26.985788
"7",NA,"29/04/2022","Pavel Enriqez",9654,0,"Control",NA,605,NA,NA,NA,NA,"Bueno",NA,NA,NA,NA,"Húmeda","Asteraceae","Scalesia","pedunculata var. pedunculata Hook. f.","lechoso","Santa Cruz","Finca Mario Piu",-0.702683,-90.354555,"Humífero-rocoso",171.15,"Restauración ecológica","Restauración rural",12.1,19.139733
"8",NA,"29/04/2022","Pavel Enriqez",9655,9812,"Waterboxx®_Hidrogel",NA,610,NA,NA,NA,NA,"Bueno",NA,NA,NA,NA,"Húmeda","Asteraceae","Scalesia","pedunculata var. pedunculata Hook. f.","lechoso","Santa Cruz","Finca Mario Piu",-0.702703,-90.354595,"Humífero-rocoso",170.72,"Restauración ecológica","Restauración rural",10.19,14.8580287
"9",NA,"29/04/2022","Pavel Enriqez",9657,9733,"Waterboxx®_Hidrogel",NA,482,NA,NA,NA,NA,"Bueno",NA,NA,NA,NA,"Húmeda","Asteraceae","Scalesia","pedunculata var. pedunculata Hook. f.","lechoso","Santa Cruz","Finca Mario Piu",-0.702782,-90.354506,"Humífero-rocoso",165.71,"Restauración ecológica","Restauración rural",8.59,11.2712607
"10",NA,"29/04/2022","Pavel Enriqez",9660,9812,"Hidrogel",NA,490,NA,NA,NA,NA,"Bueno",NA,NA,NA,NA,"Húmeda","Asteraceae","Scalesia","pedunculata var. pedunculata Hook. f.","lechoso","Santa Cruz","Finca Mario Piu",-0.702766,-90.354599,"Humífero-rocoso",166.27,"Restauración ecológica","Restauración rural",22.44,42.3192212
"11",NA,"29/04/2022","Pavel Enriqez",9666,0,"Control",NA,270.08,NA,NA,NA,NA,"Bueno",NA,NA,NA,NA,"Húmeda","Asteraceae","Scalesia","pedunculata var. pedunculata Hook. f.","lechoso","Santa Cruz","Finca Mario Piu",-0.703041,-90.3545,"Humífero-rocoso",167.05,"Restauración ecológica","Restauración rural",11.14,16.9876722
"12",NA,"29/04/2022","Pavel Enriqez",9675,9700,"Cocoon_Hidrogel",NA,620,NA,NA,NA,NA,"Bueno",NA,NA,NA,NA,"Húmeda","Asteraceae","Scalesia","pedunculata var. pedunculata Hook. f.","lechoso","Santa Cruz","Finca Mario Piu",-0.703117,-90.354406,"Humífero-rocoso",170.48,"Restauración ecológica","Restauración rural",23.87,45.5248951
"13",NA,"29/04/2022","Pavel Enriqez",9677,9680,"Waterboxx®_Hidrogel",NA,1194,NA,NA,NA,NA,"Bueno",NA,NA,NA,NA,"Húmeda","Asteraceae","Scalesia","pedunculata var. pedunculata Hook. f.","lechoso","Santa Cruz","Finca Mario Piu",-0.702857,-90.354405,"Humífero-rocoso",172.4,"Restauración ecológica","Restauración rural",15.92,27.7031416
"14",NA,"29/04/2022","Pavel Enriqez",9680,0,"Control",NA,757.88,NA,NA,NA,NA,"Bueno",NA,NA,NA,NA,"Húmeda","Asteraceae","Scalesia","pedunculata var. pedunculata Hook. f.","lechoso","Santa Cruz","Finca Mario Piu",-0.702956,-90.354371,"Humífero-rocoso",172.99,"Restauración ecológica","Restauración rural",20.53,38.0375169
"15",NA,"29/04/2022","Pavel Enriqez",9685,9696,"Waterboxx®_Hidrogel",NA,487,NA,NA,NA,NA,"Bueno",NA,NA,NA,NA,"Húmeda","Asteraceae","Scalesia","pedunculata var. pedunculata Hook. f.","lechoso","Santa Cruz","Finca Mario Piu",-0.702683,-90.354402,"Humífero-rocoso",175.72,"Restauración ecológica","Restauración rural",7.8,9.500294
"16",NA,"29/04/2022","Pavel Enriqez",9686,9717,"Waterboxx®_Hidrogel",NA,489,NA,NA,NA,NA,"Bueno",NA,NA,NA,NA,"Húmeda","Asteraceae","Scalesia","pedunculata var. pedunculata Hook. f.","lechoso","Santa Cruz","Finca Mario Piu",-0.702722,-90.354345,"Humífero-rocoso",174.76,"Restauración ecológica","Restauración rural",4.93,3.0665289
"17",NA,"29/04/2022","Pavel Enriqez",9688,9700,"Waterboxx®_Hidrogel",NA,773.42,NA,NA,NA,NA,"Bueno",NA,NA,NA,NA,"Húmeda","Asteraceae","Scalesia","pedunculata var. pedunculata Hook. f.","lechoso","Santa Cruz","Finca Mario Piu",-0.702795,-90.354275,"Humífero-rocoso",174.08,"Restauración ecológica","Restauración rural",18.27,32.9712071
"18",NA,"29/04/2022","Pavel Enriqez",9694,9696,"Waterboxx®_Hidrogel",NA,535,NA,NA,NA,NA,"Bueno",NA,NA,NA,NA,"Húmeda","Asteraceae","Scalesia","pedunculata var. pedunculata Hook. f.","lechoso","Santa Cruz","Finca Mario Piu",-0.702638,-90.354223,"Humífero-rocoso",178.41,"Restauración ecológica","Restauración rural",10.19,14.8580287
"19",NA,"29/04/2022","Pavel Enriqez",9695,9700,"Cocoon_Hidrogel",NA,759.79,NA,NA,NA,NA,"Bueno",NA,NA,NA,NA,"Húmeda","Asteraceae","Scalesia","pedunculata var. pedunculata Hook. f.","lechoso","Santa Cruz","Finca Mario Piu",-0.702603,-90.354215,"Humífero-rocoso",180.21,"Restauración ecológica","Restauración rural",22.5,42.453725
"20",NA,"29/04/2022","Pavel Enriqez",9696,0,"Control",NA,605,NA,NA,NA,NA,"Bueno",NA,NA,NA,NA,"Húmeda","Asteraceae","Scalesia","pedunculata var. pedunculata Hook. f.","lechoso","Santa Cruz","Finca Mario Piu",-0.70258,-90.354189,"Humífero-rocoso",178.34,"Restauración ecológica","Restauración rural",10.19,14.8580287
"21",NA,"29/04/2022","Pavel Enriqez",9700,0,"Control",NA,1730,NA,NA,NA,NA,"Bueno",NA,NA,NA,NA,"Húmeda","Asteraceae","Scalesia","pedunculata var. pedunculata Hook. f.","lechoso","Santa Cruz","Finca Mario Piu",-0.702503,-90.354344,"Humífero-rocoso",176.95,"Restauración ecológica","Restauración rural",13.69,22.7040837
"22",NA,"29/04/2022","Pavel Enriqez",9707,9797,"Waterboxx®_Hidrogel",NA,512,NA,NA,NA,NA,"Bueno",NA,NA,NA,NA,"Húmeda","Asteraceae","Scalesia","pedunculata var. pedunculata Hook. f.","lechoso","Santa Cruz","Finca Mario Piu",-0.702603,-90.354215,"Humífero-rocoso",180.21,"Restauración ecológica","Restauración rural",10.35,15.2167055
"23",NA,"29/04/2022","Pavel Enriqez",9710,9680,"Waterboxx®_Hidrogel",NA,739.14,NA,NA,NA,NA,"Bueno",NA,NA,NA,NA,"Húmeda","Asteraceae","Scalesia","pedunculata var. pedunculata Hook. f.","lechoso","Santa Cruz","Finca Mario Piu",-0.702672,-90.353987,"Humífero-rocoso",179.22,"Restauración ecológica","Restauración rural",17.16,30.4828868
"24",NA,"29/04/2022","Pavel Enriqez",9714,9732,"Waterboxx®_Hidrogel",NA,529,NA,NA,NA,NA,"Bueno",NA,NA,NA,NA,"Húmeda","Asteraceae","Scalesia","pedunculata var. pedunculata Hook. f.","lechoso","Santa Cruz","Finca Mario Piu",-0.702806,-90.354166,"Humífero-rocoso",176.6,"Restauración ecológica","Restauración rural",14.48,24.4750504
"25",NA,"29/04/2022","Pavel Enriqez",9717,0,"Control",NA,560,NA,NA,NA,NA,"Bueno",NA,NA,NA,NA,"Húmeda","Asteraceae","Scalesia","pedunculata var. pedunculata Hook. f.","lechoso","Santa Cruz","Finca Mario Piu",-0.702876,-90.354281,"Humífero-rocoso",173.44,"Restauración ecológica","Restauración rural",11.14,16.9876722
"26",NA,"29/04/2022","Pavel Enriqez",9719,9732,"Cocoon_Hidrogel",NA,879.87,NA,NA,NA,NA,"Bueno",NA,NA,NA,NA,"Húmeda","Asteraceae","Scalesia","pedunculata var. pedunculata Hook. f.","lechoso","Santa Cruz","Finca Mario Piu",-0.702839,-90.35429,"Humífero-rocoso",175.3,"Restauración ecológica","Restauración rural",8.94,12.0558662
"27",NA,"29/04/2022","Pavel Enriqez",9721,9722,"Waterboxx®_Hidrogel",NA,757.83,NA,NA,NA,NA,"Bueno",NA,NA,NA,NA,"Húmeda","Asteraceae","Scalesia","pedunculata var. pedunculata Hook. f.","lechoso","Santa Cruz","Finca Mario Piu",-0.703037,-90.354365,"Humífero-rocoso",174.54,"Restauración ecológica","Restauración rural",19.1,34.831843
"28",NA,"29/04/2022","Pavel Enriqez",9722,0,"Control",NA,890.16,NA,NA,NA,NA,"Bueno",NA,NA,NA,NA,"Húmeda","Asteraceae","Scalesia","pedunculata var. pedunculata Hook. f.","lechoso","Santa Cruz","Finca Mario Piu",-0.703023,-90.354196,"Humífero-rocoso",173.28,"Restauración ecológica","Restauración rural",16.55,29.1154315
"29",NA,"29/04/2022","Pavel Enriqez",9728,0,"Control",NA,707.05,NA,NA,NA,NA,"Bueno",NA,NA,NA,NA,"Húmeda","Asteraceae","Scalesia","pedunculata var. pedunculata Hook. f.","lechoso","Santa Cruz","Finca Mario Piu",-0.70294,-90.354166,"Humífero-rocoso",171.82,"Restauración ecológica","Restauración rural",15.09,25.8425057
"30",NA,"29/04/2022","Pavel Enriqez",9731,9732,"Waterboxx®_Hidrogel",NA,976.88,NA,NA,NA,NA,"Bueno",NA,NA,NA,NA,"Húmeda","Asteraceae","Scalesia","pedunculata var. pedunculata Hook. f.","lechoso","Santa Cruz","Finca Mario Piu",-0.703032,-90.354084,"Humífero-rocoso",169.53,"Restauración ecológica","Restauración rural",18.02,32.4107746
"31",NA,"29/04/2022","Pavel Enriqez",9734,9795,"Hidrogel",NA,836.97,NA,NA,NA,NA,"Bueno",NA,NA,NA,NA,"Húmeda","Asteraceae","Scalesia","pedunculata var. pedunculata Hook. f.","lechoso","Santa Cruz","Finca Mario Piu",-0.702949,-90.353965,"Humífero-rocoso",174.6,"Restauración ecológica","Restauración rural",10.73,16.0685629
"32",NA,"29/04/2022","Pavel Enriqez",9736,0,"Control",NA,699,NA,NA,NA,NA,"Bueno",NA,NA,NA,NA,"Húmeda","Asteraceae","Scalesia","pedunculata var. pedunculata Hook. f.","lechoso","Santa Cruz","Finca Mario Piu",-0.702861,-90.35411,"Humífero-rocoso",176.55,"Restauración ecológica","Restauración rural",12.41,19.8346693
"33",NA,"29/04/2022","Pavel Enriqez",9739,9696,"Cocoon_Hidrogel",NA,829.34,NA,NA,NA,NA,"Bueno",NA,NA,NA,NA,"Húmeda","Asteraceae","Scalesia","pedunculata var. pedunculata Hook. f.","lechoso","Santa Cruz","Finca Mario Piu",-0.702802,-90.354082,"Humífero-rocoso",174.04,"Restauración ecológica","Restauración rural",12.1,19.139733
"34",NA,"29/04/2022","Pavel Enriqez",9744,9733,"Cocoon_Hidrogel",NA,638.4,NA,NA,NA,NA,"Bueno",NA,NA,NA,NA,"Húmeda","Asteraceae","Scalesia","pedunculata var. pedunculata Hook. f.","lechoso","Santa Cruz","Finca Mario Piu",-0.702679,-90.35375,"Humífero-rocoso",174.68,"Restauración ecológica","Restauración rural",12.73,20.5520229
"35",NA,"29/04/2022","Pavel Enriqez",9745,9717,"Waterboxx®_Hidrogel",NA,539.2,NA,NA,NA,NA,"Bueno",NA,NA,NA,NA,"Húmeda","Asteraceae","Scalesia","pedunculata var. pedunculata Hook. f.","lechoso","Santa Cruz","Finca Mario Piu",-0.702645,-90.353716,"Humífero-rocoso",175.4,"Restauración ecológica","Restauración rural",21.65,40.5482545
"36",NA,"29/04/2022","Pavel Enriqez",9749,9696,"Waterboxx®_Hidrogel",NA,804.1,NA,NA,NA,NA,"Bueno",NA,NA,NA,NA,"Húmeda","Asteraceae","Scalesia","pedunculata var. pedunculata Hook. f.","lechoso","Santa Cruz","Finca Mario Piu",-0.70275,-90.353631,"Humífero-rocoso",176.07,"Restauración ecológica","Restauración rural",8.91,11.9886143
"37",NA,"29/04/2022","Pavel Enriqez",9759,9700,"Hidrogel",NA,980.93,NA,NA,NA,NA,"Bueno",NA,NA,NA,NA,"Húmeda","Asteraceae","Scalesia","pedunculata var. pedunculata Hook. f.","lechoso","Santa Cruz","Finca Mario Piu",-0.703302,-90.35403,"Humífero-rocoso",168.78,"Restauración ecológica","Restauración rural",20.24,37.3874152
"38",NA,"29/04/2022","Pavel Enriqez",9760,9681,"Hidrogel",NA,770.42,NA,NA,NA,NA,"Bueno",NA,NA,NA,NA,"Húmeda","Asteraceae","Scalesia","pedunculata var. pedunculata Hook. f.","lechoso","Santa Cruz","Finca Mario Piu",-0.703252,-90.354034,"Humífero-rocoso",171.46,"Restauración ecológica","Restauración rural",10.31,15.1270363
"39",NA,"29/04/2022","Pavel Enriqez",9762,0,"Control",NA,1069.99,NA,NA,NA,NA,"Bueno",NA,NA,NA,NA,"Húmeda","Asteraceae","Scalesia","pedunculata var. pedunculata Hook. f.","lechoso","Santa Cruz","Finca Mario Piu",-0.70327,-90.353882,"Humífero-rocoso",172.27,"Restauración ecológica","Restauración rural",16.93,29.9672889
"40",NA,"29/04/2022","Pavel Enriqez",9765,0,"Control",NA,922.07,NA,NA,NA,NA,"Bueno",NA,NA,NA,NA,"Húmeda","Asteraceae","Scalesia","pedunculata var. pedunculata Hook. f.","lechoso","Santa Cruz","Finca Mario Piu",-0.703304,-90.353871,"Humífero-rocoso",176.23,"Restauración ecológica","Restauración rural",10.41,15.3512093
"41",NA,"29/04/2022","Pavel Enriqez",9767,0,"Control",NA,903.66,NA,NA,NA,NA,"Bueno",NA,NA,NA,NA,"Húmeda","Asteraceae","Scalesia","pedunculata var. pedunculata Hook. f.","lechoso","Santa Cruz","Finca Mario Piu",-0.702807,-90.353955,"Humífero-rocoso",169.02,"Restauración ecológica","Restauración rural",12.25,19.4759925
"42",NA,"29/04/2022","Pavel Enriqez",9768,0,"Control",NA,1097.73,NA,NA,NA,NA,"Bueno",NA,NA,NA,NA,"Húmeda","Asteraceae","Scalesia","pedunculata var. pedunculata Hook. f.","lechoso","Santa Cruz","Finca Mario Piu",-0.702849,-90.353909,"Humífero-rocoso",173.18,"Restauración ecológica","Restauración rural",23.4,44.471282
"43",NA,"29/04/2022","Pavel Enriqez",9771,9780,"Cocoon_Hidrogel",NA,1029.77,NA,NA,NA,NA,"Bueno",NA,NA,NA,NA,"Húmeda","Asteraceae","Scalesia","pedunculata var. pedunculata Hook. f.","lechoso","Santa Cruz","Finca Mario Piu",-0.703067,-90.353707,"Humífero-rocoso",179.28,"Restauración ecológica","Restauración rural",17.28,30.7518944
"44",NA,"29/04/2022","Pavel Enriqez",9773,9768,"Cocoon_Hidrogel",NA,724.23,NA,NA,NA,NA,"Bueno",NA,NA,NA,NA,"Húmeda","Asteraceae","Scalesia","pedunculata var. pedunculata Hook. f.","lechoso","Santa Cruz","Finca Mario Piu",-0.70315,-90.353752,"Humífero-rocoso",177.52,"Restauración ecológica","Restauración rural",8.21,10.4194033
"45",NA,"29/04/2022","Pavel Enriqez",9774,9795,"Cocoon_Hidrogel",NA,592.29,NA,NA,NA,NA,"Bueno",NA,NA,NA,NA,"Húmeda","Asteraceae","Scalesia","pedunculata var. pedunculata Hook. f.","lechoso","Santa Cruz","Finca Mario Piu",-0.703181,-90.353806,"Humífero-rocoso",177.71,"Restauración ecológica","Restauración rural",22.44,42.3192212
"46",NA,"29/04/2022","Pavel Enriqez",9775,9819,"Waterboxx®_Hidrogel",NA,1024.28,NA,NA,NA,NA,"Bueno",NA,NA,NA,NA,"Húmeda","Asteraceae","Scalesia","pedunculata var. pedunculata Hook. f.","lechoso","Santa Cruz","Finca Mario Piu",-0.703244,-90.353844,"Humífero-rocoso",177.53,"Restauración ecológica","Restauración rural",9.99,14.4096827
"47",NA,"29/04/2022","Pavel Enriqez",9776,9792,"Waterboxx®_Hidrogel",NA,703.45,NA,NA,NA,NA,"Bueno",NA,NA,NA,NA,"Húmeda","Asteraceae","Scalesia","pedunculata var. pedunculata Hook. f.","lechoso","Santa Cruz","Finca Mario Piu",-0.703202,-90.353881,"Humífero-rocoso",180.33,"Restauración ecológica","Restauración rural",15.09,25.8425057
"48",NA,"29/04/2022","Pavel Enriqez",9783,0,"Control",NA,674.41,NA,NA,NA,NA,"Bueno",NA,NA,NA,NA,"Húmeda","Asteraceae","Scalesia","pedunculata var. pedunculata Hook. f.","lechoso","Santa Cruz","Finca Mario Piu",-0.703396,-90.353821,"Humífero-rocoso",174.82,"Restauración ecológica","Restauración rural",7.67,9.2088691
"49",NA,"29/04/2022","Pavel Enriqez",9786,0,"Control",NA,1603.4,NA,NA,NA,NA,"Bueno",NA,NA,NA,NA,"Húmeda","Asteraceae","Scalesia","pedunculata var. pedunculata Hook. f.","lechoso","Santa Cruz","Finca Mario Piu",-0.703457,-90.353805,"Humífero-rocoso",175.11,"Restauración ecológica","Restauración rural",6.37,6.2946201
"50",NA,"29/04/2022","Pavel Enriqez",9790,9792,"Hidrogel",NA,784.8,NA,NA,NA,NA,"Bueno",NA,NA,NA,NA,"Húmeda","Asteraceae","Scalesia","pedunculata var. pedunculata Hook. f.","lechoso","Santa Cruz","Finca Mario Piu",-0.703445,-90.353953,"Humífero-rocoso",172.38,"Restauración ecológica","Restauración rural",7.51,8.8501923
"51",NA,"29/04/2022","Pavel Enriqez",9795,9792,"Waterboxx®_Hidrogel",NA,1355.28,NA,NA,NA,NA,"Bueno",NA,NA,NA,NA,"Húmeda","Asteraceae","Scalesia","pedunculata var. pedunculata Hook. f.","lechoso","Santa Cruz","Finca Mario Piu",-0.703415,-90.354082,"Humífero-rocoso",173.08,"Restauración ecológica","Restauración rural",10.85,16.3375705
"52",NA,"29/04/2022","Pavel Enriqez",9796,9768,"Hidrogel",NA,829.2,NA,NA,NA,NA,"Bueno",NA,NA,NA,NA,"Húmeda","Asteraceae","Scalesia","pedunculata var. pedunculata Hook. f.","lechoso","Santa Cruz","Finca Mario Piu",-0.70335,-90.354057,"Humífero-rocoso",174.4,"Restauración ecológica","Restauración rural",17.83,31.9848459
"53",NA,"29/04/2022","Pavel Enriqez",9797,0,"Control",NA,822.6,NA,NA,NA,NA,"Bueno",NA,NA,NA,NA,"Húmeda","Asteraceae","Scalesia","pedunculata var. pedunculata Hook. f.","lechoso","Santa Cruz","Finca Mario Piu",-0.703387,-90.35414,"Humífero-rocoso",172.74,"Restauración ecológica","Restauración rural",17.19,30.5501387
"54",NA,"29/04/2022","Pavel Enriqez",9803,9783,"Hidrogel",NA,350.1,NA,NA,NA,NA,"Bueno",NA,NA,NA,NA,"Húmeda","Asteraceae","Scalesia","pedunculata var. pedunculata Hook. f.","lechoso","Santa Cruz","Finca Mario Piu",-0.703427,-90.354245,"Humífero-rocoso",173.93,"Restauración ecológica","Restauración rural",8.91,11.9886143
"55",NA,"29/04/2022","Pavel Enriqez",9806,0,"Control",NA,540,NA,NA,NA,NA,"Bueno",NA,NA,NA,NA,"Húmeda","Asteraceae","Scalesia","pedunculata var. pedunculata Hook. f.","lechoso","Santa Cruz","Finca Mario Piu",-0.703244,-90.354342,"Humífero-rocoso",172.7,"Restauración ecológica","Restauración rural",8.44,10.9350012
"56",NA,"29/04/2022","Pavel Enriqez",9807,9736,"Waterboxx®_Hidrogel",NA,690.49,NA,NA,NA,NA,"Bueno",NA,NA,NA,NA,"Húmeda","Asteraceae","Scalesia","pedunculata var. pedunculata Hook. f.","lechoso","Santa Cruz","Finca Mario Piu",-0.703218,-90.354331,"Humífero-rocoso",173.29,"Restauración ecológica","Restauración rural",9.23,12.7059679
"57",NA,"29/04/2022","Pavel Enriqez",9808,9789,"Hidrogel",NA,1318.09,NA,NA,NA,NA,"Bueno",NA,NA,NA,NA,"Húmeda","Asteraceae","Scalesia","pedunculata var. pedunculata Hook. f.","lechoso","Santa Cruz","Finca Mario Piu",-0.703189,-90.354306,"Humífero-rocoso",173.36,"Restauración ecológica","Restauración rural",12.1,19.139733
"58",NA,"29/04/2022","Pavel Enriqez",9809,9785,"Hidrogel",NA,622.01,NA,NA,NA,NA,"Bueno",NA,NA,NA,NA,"Húmeda","Asteraceae","Scalesia","pedunculata var. pedunculata Hook. f.","lechoso","Santa Cruz","Finca Mario Piu",-0.703187,-90.354257,"Humífero-rocoso",172.16,"Restauración ecológica","Restauración rural",12.1,19.139733
"59",NA,"29/04/2022","Pavel Enriqez",9811,0,"Hidrogel",NA,676.96,NA,NA,NA,NA,"Bueno",NA,NA,NA,NA,"Húmeda","Asteraceae","Scalesia","pedunculata var. pedunculata Hook. f.","lechoso","Santa Cruz","Finca Mario Piu",-0.70312,-90.354186,"Humífero-rocoso",173.56,"Restauración ecológica","Restauración rural",22.6,42.677898
"60",NA,"29/04/2022","Pavel Enriqez",9812,0,"Control",NA,718.56,NA,NA,NA,NA,"Bueno",NA,NA,NA,NA,"Húmeda","Asteraceae","Scalesia","pedunculata var. pedunculata Hook. f.","lechoso","Santa Cruz","Finca Mario Piu",-0.703227,-90.354422,"Humífero-rocoso",175.27,"Restauración ecológica","Restauración rural",15.6,26.985788
"61",NA,"29/04/2022","Pavel Enriqez",9813,9812,"Cocoon_Hidrogel",NA,1076.59,NA,NA,NA,NA,"Bueno",NA,NA,NA,NA,"Húmeda","Asteraceae","Scalesia","pedunculata var. pedunculata Hook. f.","lechoso","Santa Cruz","Finca Mario Piu",-0.703147,-90.354409,"Humífero-rocoso",175.72,"Restauración ecológica","Restauración rural",13.69,22.7040837
"62",NA,"29/04/2022","Pavel Enriqez",14297,14299,"Waterboxx®",NA,344,NA,NA,NA,NA,"Bueno",NA,NA,NA,NA,"Húmeda","Asteraceae","Scalesia","pedunculata var. pedunculata Hook. f.","lechoso","Santa Cruz","Finca Mario Piu",-0.702971,-90.356027,"Humífero-rocoso",177.1,"Restauración ecológica","Restauración rural",4.14,1.2955622
"63",NA,"29/04/2022","Pavel Enriqez",14299,0,"Control",NA,342,NA,NA,NA,NA,"Bueno",NA,NA,NA,NA,"Húmeda","Asteraceae","Scalesia","pedunculata var. pedunculata Hook. f.","lechoso","Santa Cruz","Finca Mario Piu",-0.703212,-90.355892,"Humífero-rocoso",169.85,"Restauración ecológica","Restauración rural",4.14,1.2955622
"64",NA,"29/04/2022","Pavel Enriqez",14300,14304,"Waterboxx®",NA,290,NA,NA,NA,NA,"Bueno",NA,NA,NA,NA,"Húmeda","Asteraceae","Scalesia","pedunculata var. pedunculata Hook. f.","lechoso","Santa Cruz","Finca Mario Piu",-0.703289,-90.355922,"Humífero-rocoso",168.38,"Restauración ecológica","Restauración rural",4.3,1.654239
"65",NA,"29/04/2022","Pavel Enriqez",14301,14313,"Hidrogel",NA,393,NA,NA,NA,NA,"Bueno",NA,NA,NA,NA,"Húmeda","Asteraceae","Scalesia","pedunculata var. pedunculata Hook. f.","lechoso","Santa Cruz","Finca Mario Piu",-0.703361,-90.355934,"Humífero-rocoso",164.14,"Restauración ecológica","Restauración rural",4.46,2.0129158
"66",NA,"29/04/2022","Pavel Enriqez",14302,14318,"Waterboxx®",NA,356,NA,NA,NA,NA,"Bueno",NA,NA,NA,NA,"Húmeda","Asteraceae","Scalesia","pedunculata var. pedunculata Hook. f.","lechoso","Santa Cruz","Finca Mario Piu",-0.703591,-90.356094,"Humífero-rocoso",168.88,"Restauración ecológica","Restauración rural",3.66,0.219531800000001
"67",NA,"29/04/2022","Pavel Enriqez",14304,0,"Control",NA,336,NA,NA,NA,NA,"Bueno",NA,NA,NA,NA,"Húmeda","Asteraceae","Scalesia","pedunculata var. pedunculata Hook. f.","lechoso","Santa Cruz","Finca Mario Piu",-0.703528,-90.35582,"Humífero-rocoso",165.45,"Restauración ecológica","Restauración rural",5.09,3.4252057
"68",NA,"29/04/2022","Pavel Enriqez",14305,14323,"Cocoon_Hidrogel",NA,292,NA,NA,NA,NA,"Bueno",NA,NA,NA,NA,"Húmeda","Asteraceae","Scalesia","pedunculata var. pedunculata Hook. f.","lechoso","Santa Cruz","Finca Mario Piu",-0.703474,-90.355761,"Humífero-rocoso",169.56,"Restauración ecológica","Restauración rural",4.46,2.0129158
"69",NA,"29/04/2022","Pavel Enriqez",14307,14328,"Waterboxx®",NA,328,NA,NA,NA,NA,"Bueno",NA,NA,NA,NA,"Húmeda","Asteraceae","Scalesia","pedunculata var. pedunculata Hook. f.","lechoso","Santa Cruz","Finca Mario Piu",-0.703474,-90.355764,"Humífero-rocoso",169.54,"Restauración ecológica","Restauración rural",4.86,2.9096078
"70",NA,"29/04/2022","Pavel Enriqez",14308,14331,"Waterboxx®",NA,357,NA,NA,NA,NA,"Bueno",NA,NA,NA,NA,"Húmeda","Asteraceae","Scalesia","pedunculata var. pedunculata Hook. f.","lechoso","Santa Cruz","Finca Mario Piu",-0.703338,-90.355665,"Humífero-rocoso",174.85,"Restauración ecológica","Restauración rural",4.77,2.7078521
"71",NA,"29/04/2022","Pavel Enriqez",14310,14334,"Hidrogel",NA,325,NA,NA,NA,NA,"Bueno",NA,NA,NA,NA,"Húmeda","Asteraceae","Scalesia","pedunculata var. pedunculata Hook. f.","lechoso","Santa Cruz","Finca Mario Piu",-0.703244,-90.355645,"Humífero-rocoso",172.98,"Restauración ecológica","Restauración rural",4.33,1.7214909
"72",NA,"29/04/2022","Pavel Enriqez",14311,14351,"Hidrogel",NA,544,NA,NA,NA,NA,"Bueno",NA,NA,NA,NA,"Húmeda","Asteraceae","Scalesia","pedunculata var. pedunculata Hook. f.","lechoso","Santa Cruz","Finca Mario Piu",-0.703178,-90.355656,"Humífero-rocoso",173.57,"Restauración ecológica","Restauración rural",4.14,1.2955622
"73",NA,"29/04/2022","Pavel Enriqez",14313,0,"Control",NA,234,NA,NA,NA,NA,"Bueno",NA,NA,NA,NA,"Húmeda","Asteraceae","Scalesia","pedunculata var. pedunculata Hook. f.","lechoso","Santa Cruz","Finca Mario Piu",-0.703106,-90.355681,"Humífero-rocoso",177.65,"Restauración ecológica","Restauración rural",3.18,-0.856498599999999
"74",NA,"29/04/2022","Pavel Enriqez",14314,14354,"Waterboxx®",NA,375,NA,NA,NA,NA,"Bueno",NA,NA,NA,NA,"Húmeda","Asteraceae","Scalesia","pedunculata var. pedunculata Hook. f.","lechoso","Santa Cruz","Finca Mario Piu",-0.70313,-90.355803,"Humífero-rocoso",176.63,"Restauración ecológica","Restauración rural",13.37,21.9867301
"75",NA,"29/04/2022","Pavel Enriqez",14315,14355,"Cocoon",NA,290,NA,NA,NA,NA,"Bueno",NA,NA,NA,NA,"Húmeda","Asteraceae","Scalesia","pedunculata var. pedunculata Hook. f.","lechoso","Santa Cruz","Finca Mario Piu",-0.703113,-90.355536,"Humífero-rocoso",174.61,"Restauración ecológica","Restauración rural",3.82,0.578208599999999
"76",NA,"29/04/2022","Pavel Enriqez",14317,14299,"Cocoon",NA,230,NA,NA,NA,NA,"Bueno",NA,NA,NA,NA,"Húmeda","Asteraceae","Scalesia","pedunculata var. pedunculata Hook. f.","lechoso","Santa Cruz","Finca Mario Piu",-0.703309,-90.355587,"Humífero-rocoso",173.86,"Restauración ecológica","Restauración rural",4.46,2.0129158
"77",NA,"29/04/2022","Pavel Enriqez",14318,0,"Control",NA,282,NA,NA,NA,NA,"Bueno",NA,NA,NA,NA,"Húmeda","Asteraceae","Scalesia","pedunculata var. pedunculata Hook. f.","lechoso","Santa Cruz","Finca Mario Piu",-0.703609,-90.355619,"Humífero-rocoso",172.32,"Restauración ecológica","Restauración rural",3.66,0.219531800000001
"78",NA,"29/04/2022","Pavel Enriqez",14319,14303,"Waterboxx®",NA,346,NA,NA,NA,NA,"Bueno",NA,NA,NA,NA,"Húmeda","Asteraceae","Scalesia","pedunculata var. pedunculata Hook. f.","lechoso","Santa Cruz","Finca Mario Piu",-0.703594,-90.355383,"Humífero-rocoso",171.86,"Restauración ecológica","Restauración rural",4.14,1.2955622
"79",NA,"29/04/2022","Pavel Enriqez",14320,14304,"Hidrogel",NA,412,NA,NA,NA,NA,"Bueno",NA,NA,NA,NA,"Húmeda","Asteraceae","Scalesia","pedunculata var. pedunculata Hook. f.","lechoso","Santa Cruz","Finca Mario Piu",-0.703522,-90.355238,"Humífero-rocoso",175.72,"Restauración ecológica","Restauración rural",4.3,1.654239
"80",NA,"29/04/2022","Pavel Enriqez",14322,14313,"Cocoon",NA,202,NA,NA,NA,NA,"Bueno",NA,NA,NA,NA,"Húmeda","Asteraceae","Scalesia","pedunculata var. pedunculata Hook. f.","lechoso","Santa Cruz","Finca Mario Piu",-0.703431,-90.355233,"Humífero-rocoso",170.87,"Restauración ecológica","Restauración rural",3.18,-0.856498599999999
"81",NA,"29/04/2022","Pavel Enriqez",14323,0,"Control",NA,374,NA,NA,NA,NA,"Bueno",NA,NA,NA,NA,"Húmeda","Asteraceae","Scalesia","pedunculata var. pedunculata Hook. f.","lechoso","Santa Cruz","Finca Mario Piu",-0.703449,-90.355249,"Humífero-rocoso",171.04,"Restauración ecológica","Restauración rural",4.77,2.7078521
"82",NA,"29/04/2022","Pavel Enriqez",14324,14318,"Cocoon",NA,316,NA,NA,NA,NA,"Bueno",NA,NA,NA,NA,"Húmeda","Asteraceae","Scalesia","pedunculata var. pedunculata Hook. f.","lechoso","Santa Cruz","Finca Mario Piu",-0.703365,-90.355291,"Humífero-rocoso",170.74,"Restauración ecológica","Restauración rural",4.62,2.3715926
"83",NA,"29/04/2022","Pavel Enriqez",14325,14323,"Cocoon",NA,335,NA,NA,NA,NA,"Bueno",NA,NA,NA,NA,"Húmeda","Asteraceae","Scalesia","pedunculata var. pedunculata Hook. f.","lechoso","Santa Cruz","Finca Mario Piu",-0.703219,-90.355385,"Humífero-rocoso",171.47,"Restauración ecológica","Restauración rural",5.09,3.4252057
"84",NA,"29/04/2022","Pavel Enriqez",14326,14323,"Waterboxx®",NA,275,NA,NA,NA,NA,"Bueno",NA,NA,NA,NA,"Húmeda","Asteraceae","Scalesia","pedunculata var. pedunculata Hook. f.","lechoso","Santa Cruz","Finca Mario Piu",-0.703214,-90.355452,"Humífero-rocoso",174.87,"Restauración ecológica","Restauración rural",4.62,2.3715926
"85",NA,"29/04/2022","Pavel Enriqez",14327,0,"Control",NA,259,NA,NA,NA,NA,"Bueno",NA,NA,NA,NA,"Húmeda","Asteraceae","Scalesia","pedunculata var. pedunculata Hook. f.","lechoso","Santa Cruz","Finca Mario Piu",-0.703218,-90.355463,"Humífero-rocoso",174.98,"Restauración ecológica","Restauración rural",4.3,1.654239
"86",NA,"29/04/2022","Pavel Enriqez",14328,0,"Control",NA,338,NA,NA,NA,NA,"Bueno",NA,NA,NA,NA,"Húmeda","Asteraceae","Scalesia","pedunculata var. pedunculata Hook. f.","lechoso","Santa Cruz","Finca Mario Piu",-0.703158,-90.355377,"Humífero-rocoso",174.45,"Restauración ecológica","Restauración rural",4.46,2.0129158
"87",NA,"29/04/2022","Pavel Enriqez",14329,14327,"Cocoon",NA,224,NA,NA,NA,NA,"Bueno",NA,NA,NA,NA,"Húmeda","Asteraceae","Scalesia","pedunculata var. pedunculata Hook. f.","lechoso","Santa Cruz","Finca Mario Piu",-0.703156,-90.355374,"Humífero-rocoso",174.47,"Restauración ecológica","Restauración rural",5.25,3.7838825
"88",NA,"29/04/2022","Pavel Enriqez",14330,14331,"Cocoon",NA,125,NA,NA,NA,NA,"Bueno",NA,NA,NA,NA,"Húmeda","Asteraceae","Scalesia","pedunculata var. pedunculata Hook. f.","lechoso","Santa Cruz","Finca Mario Piu",-0.70312,-90.355444,"Humífero-rocoso",177.04,"Restauración ecológica","Restauración rural",1.91,-3.7034957
"89",NA,"29/04/2022","Pavel Enriqez",14331,0,"Control",NA,353,NA,NA,NA,NA,"Bueno",NA,NA,NA,NA,"Húmeda","Asteraceae","Scalesia","pedunculata var. pedunculata Hook. f.","lechoso","Santa Cruz","Finca Mario Piu",-0.703119,-90.355446,"Humífero-rocoso",176.83,"Restauración ecológica","Restauración rural",5.25,3.7838825
"90",NA,"29/04/2022","Pavel Enriqez",14332,14327,"Cocoon",NA,344,NA,NA,NA,NA,"Bueno",NA,NA,NA,NA,"Húmeda","Asteraceae","Scalesia","pedunculata var. pedunculata Hook. f.","lechoso","Santa Cruz","Finca Mario Piu",-0.7032,-90.355219,"Humífero-rocoso",174.96,"Restauración ecológica","Restauración rural",4.14,1.2955622
"91",NA,"29/04/2022","Pavel Enriqez",14333,14331,"Cocoon",NA,282,NA,NA,NA,NA,"Bueno",NA,NA,NA,NA,"Húmeda","Asteraceae","Scalesia","pedunculata var. pedunculata Hook. f.","lechoso","Santa Cruz","Finca Mario Piu",-0.703197,-90.355133,"Humífero-rocoso",178.67,"Restauración ecológica","Restauración rural",11.14,16.9876722
"92",NA,"29/04/2022","Pavel Enriqez",14334,0,"Control",NA,365,NA,NA,NA,NA,"Bueno",NA,NA,NA,NA,"Húmeda","Asteraceae","Scalesia","pedunculata var. pedunculata Hook. f.","lechoso","Santa Cruz","Finca Mario Piu",-0.703421,-90.355128,"Humífero-rocoso",174.97,"Restauración ecológica","Restauración rural",5.73,4.8599129
"93",NA,"29/04/2022","Pavel Enriqez",14335,14331,"Waterboxx®",NA,374,NA,NA,NA,NA,"Bueno",NA,NA,NA,NA,"Húmeda","Asteraceae","Scalesia","pedunculata var. pedunculata Hook. f.","lechoso","Santa Cruz","Finca Mario Piu",-0.703528,-90.355137,"Humífero-rocoso",175.76,"Restauración ecológica","Restauración rural",5.25,3.7838825
"94",NA,"29/04/2022","Pavel Enriqez",14336,14328,"Cocoon",NA,304,NA,NA,NA,NA,"Bueno",NA,NA,NA,NA,"Húmeda","Asteraceae","Scalesia","pedunculata var. pedunculata Hook. f.","lechoso","Santa Cruz","Finca Mario Piu",-0.703555,-90.355095,"Humífero-rocoso",176.71,"Restauración ecológica","Restauración rural",4.3,1.654239
"95",NA,"29/04/2022","Pavel Enriqez",14337,14334,"Hidrogel",NA,408,NA,NA,NA,NA,"Bueno",NA,NA,NA,NA,"Húmeda","Asteraceae","Scalesia","pedunculata var. pedunculata Hook. f.","lechoso","Santa Cruz","Finca Mario Piu",-0.703563,-90.355122,"Humífero-rocoso",177.33,"Restauración ecológica","Restauración rural",6.21,5.9359433
"96",NA,"29/04/2022","Pavel Enriqez",14338,14331,"Cocoon",NA,362,NA,NA,NA,NA,"Bueno",NA,NA,NA,NA,"Húmeda","Asteraceae","Scalesia","pedunculata var. pedunculata Hook. f.","lechoso","Santa Cruz","Finca Mario Piu",-0.703497,-90.354994,"Humífero-rocoso",176.29,"Restauración ecológica","Restauración rural",4.77,2.7078521
"97",NA,"29/04/2022","Pavel Enriqez",14340,14351,"Waterboxx®",NA,426,NA,NA,NA,NA,"Bueno",NA,NA,NA,NA,"Húmeda","Asteraceae","Scalesia","pedunculata var. pedunculata Hook. f.","lechoso","Santa Cruz","Finca Mario Piu",-0.703393,-90.354985,"Humífero-rocoso",179.57,"Restauración ecológica","Restauración rural",4.39,1.8559947
"98",NA,"29/04/2022","Pavel Enriqez",14341,14352,"Cocoon",NA,340,NA,NA,NA,NA,"Bueno",NA,NA,NA,NA,"Húmeda","Asteraceae","Scalesia","pedunculata var. pedunculata Hook. f.","lechoso","Santa Cruz","Finca Mario Piu",-0.70333,-90.355024,"Humífero-rocoso",178.72,"Restauración ecológica","Restauración rural",5.89,5.2185897
"99",NA,"29/04/2022","Pavel Enriqez",14342,14353,"Cocoon",NA,376,NA,NA,NA,NA,"Bueno",NA,NA,NA,NA,"Húmeda","Asteraceae","Scalesia","pedunculata var. pedunculata Hook. f.","lechoso","Santa Cruz","Finca Mario Piu",-0.703217,-90.355015,"Humífero-rocoso",181.44,"Restauración ecológica","Restauración rural",5.76,4.9271648
"100",NA,"29/04/2022","Pavel Enriqez",14343,14354,"Cocoon",NA,301,NA,NA,NA,NA,"Bueno",NA,NA,NA,NA,"Húmeda","Asteraceae","Scalesia","pedunculata var. pedunculata Hook. f.","lechoso","Santa Cruz","Finca Mario Piu",-0.703135,-90.355043,"Humífero-rocoso",183.03,"Restauración ecológica","Restauración rural",4.2,1.430066
"101",NA,"29/04/2022","Pavel Enriqez",14345,14355,"Cocoon",NA,292,NA,NA,NA,NA,"Bueno",NA,NA,NA,NA,"Húmeda","Asteraceae","Scalesia","pedunculata var. pedunculata Hook. f.","lechoso","Santa Cruz","Finca Mario Piu",-0.703047,-90.355009,"Humífero-rocoso",185.66,"Restauración ecológica","Restauración rural",4.14,1.2955622
"102",NA,"29/04/2022","Pavel Enriqez",14346,14358,"Hidrogel",NA,283,NA,NA,NA,NA,"Bueno",NA,NA,NA,NA,"Húmeda","Asteraceae","Scalesia","pedunculata var. pedunculata Hook. f.","lechoso","Santa Cruz","Finca Mario Piu",-0.703015,-90.355132,"Humífero-rocoso",179.24,"Restauración ecológica","Restauración rural",3.02,-1.2151754
"103",NA,"29/04/2022","Pavel Enriqez",14347,0,"Control",NA,308,NA,NA,NA,NA,"Bueno",NA,NA,NA,NA,"Húmeda","Asteraceae","Scalesia","pedunculata var. pedunculata Hook. f.","lechoso","Santa Cruz","Finca Mario Piu",-0.702963,-90.354939,"Humífero-rocoso",179.88,"Restauración ecológica","Restauración rural",3.5,-0.139145
"104",NA,"29/04/2022","Pavel Enriqez",14348,14299,"Waterboxx®",NA,383,NA,NA,NA,NA,"Bueno",NA,NA,NA,NA,"Húmeda","Asteraceae","Scalesia","pedunculata var. pedunculata Hook. f.","lechoso","Santa Cruz","Finca Mario Piu",-0.703062,-90.354863,"Humífero-rocoso",179.72,"Restauración ecológica","Restauración rural",4.3,1.654239
"105",NA,"29/04/2022","Pavel Enriqez",14349,14303,"Cocoon",NA,368,NA,NA,NA,NA,"Bueno",NA,NA,NA,NA,"Húmeda","Asteraceae","Scalesia","pedunculata var. pedunculata Hook. f.","lechoso","Santa Cruz","Finca Mario Piu",-0.703218,-90.354902,"Humífero-rocoso",179.06,"Restauración ecológica","Restauración rural",5.09,3.4252057
"106",NA,"29/04/2022","Pavel Enriqez",14350,14304,"Waterboxx®",NA,415,NA,NA,NA,NA,"Bueno",NA,NA,NA,NA,"Húmeda","Asteraceae","Scalesia","pedunculata var. pedunculata Hook. f.","lechoso","Santa Cruz","Finca Mario Piu",-0.703548,-90.354696,"Humífero-rocoso",176.82,"Restauración ecológica","Restauración rural",5.09,3.4252057
"107",NA,"29/04/2022","Pavel Enriqez",14351,0,"Control",NA,466,NA,NA,NA,NA,"Bueno",NA,NA,NA,NA,"Húmeda","Asteraceae","Scalesia","pedunculata var. pedunculata Hook. f.","lechoso","Santa Cruz","Finca Mario Piu",-0.703491,-90.354717,"Humífero-rocoso",180.58,"Restauración ecológica","Restauración rural",4.77,2.7078521
"108",NA,"29/04/2022","Pavel Enriqez",14352,0,"Control",NA,306,NA,NA,NA,NA,"Bueno",NA,NA,NA,NA,"Húmeda","Asteraceae","Scalesia","pedunculata var. pedunculata Hook. f.","lechoso","Santa Cruz","Finca Mario Piu",-0.703419,-90.354586,"Humífero-rocoso",182.83,"Restauración ecológica","Restauración rural",4.3,1.654239
"109",NA,"29/04/2022","Pavel Enriqez",14353,0,"Control",NA,486,NA,NA,NA,NA,"Bueno",NA,NA,NA,NA,"Húmeda","Asteraceae","Scalesia","pedunculata var. pedunculata Hook. f.","lechoso","Santa Cruz","Finca Mario Piu",-0.703548,-90.354446,"Humífero-rocoso",181.87,"Restauración ecológica","Restauración rural",5.57,4.5012361
"110",NA,"29/04/2022","Pavel Enriqez",14354,0,"Control",NA,386,NA,NA,NA,NA,"Bueno",NA,NA,NA,NA,"Húmeda","Asteraceae","Scalesia","pedunculata var. pedunculata Hook. f.","lechoso","Santa Cruz","Finca Mario Piu",-0.703539,-90.354445,"Humífero-rocoso",182.02,"Restauración ecológica","Restauración rural",5.09,3.4252057
"111",NA,"29/04/2022","Pavel Enriqez",14356,14318,"Waterboxx®",NA,370,NA,NA,NA,NA,"Bueno",NA,NA,NA,NA,"Húmeda","Asteraceae","Scalesia","pedunculata var. pedunculata Hook. f.","lechoso","Santa Cruz","Finca Mario Piu",-0.703443,-90.354449,"Humífero-rocoso",181.46,"Restauración ecológica","Restauración rural",3.82,0.578208599999999
"112",NA,"29/04/2022","Pavel Enriqez",14357,14323,"Waterboxx®",NA,425,NA,NA,NA,NA,"Bueno",NA,NA,NA,NA,"Húmeda","Asteraceae","Scalesia","pedunculata var. pedunculata Hook. f.","lechoso","Santa Cruz","Finca Mario Piu",-0.703349,-90.354636,"Humífero-rocoso",177.24,"Restauración ecológica","Restauración rural",6.53,6.6532969
"113",NA,"29/04/2022","Pavel Enriqez",14358,0,"Control",NA,367,NA,NA,NA,NA,"Bueno",NA,NA,NA,NA,"Húmeda","Asteraceae","Scalesia","pedunculata var. pedunculata Hook. f.","lechoso","Santa Cruz","Finca Mario Piu",-0.703206,-90.354732,"Humífero-rocoso",175.86,"Restauración ecológica","Restauración rural",9.07,12.3472911
"114",NA,"29/04/2022","Pavel Enriqez",14359,14327,"Waterboxx®",NA,343,NA,NA,NA,NA,"Bueno",NA,NA,NA,NA,"Húmeda","Asteraceae","Scalesia","pedunculata var. pedunculata Hook. f.","lechoso","Santa Cruz","Finca Mario Piu",-0.703207,-90.354764,"Humífero-rocoso",173.73,"Restauración ecológica","Restauración rural",4.3,1.654239
"115",NA,"29/04/2022","Pavel Enriqez",14360,14327,"Waterboxx®",NA,383,NA,NA,NA,NA,"Bueno",NA,NA,NA,NA,"Húmeda","Asteraceae","Scalesia","pedunculata var. pedunculata Hook. f.","lechoso","Santa Cruz","Finca Mario Piu",-0.703097,-90.354678,"Humífero-rocoso",175.36,"Restauración ecológica","Restauración rural",4.62,2.3715926
"116",NA,"29/04/2022","Pavel Enriqez",14362,14331,"Waterboxx®",NA,268,NA,NA,NA,NA,"Bueno",NA,NA,NA,NA,"Húmeda","Asteraceae","Scalesia","pedunculata var. pedunculata Hook. f.","lechoso","Santa Cruz","Finca Mario Piu",-0.703006,-90.354733,"Humífero-rocoso",178.65,"Restauración ecológica","Restauración rural",3.18,-0.856498599999999
"117",NA,"29/04/2022","Pavel Enriqez",14364,14327,"Cocoon",NA,223,NA,NA,NA,NA,"Bueno",NA,NA,NA,NA,"Húmeda","Asteraceae","Scalesia","pedunculata var. pedunculata Hook. f.","lechoso","Santa Cruz","Finca Mario Piu",-0.702903,-90.354756,"Humífero-rocoso",172.94,"Restauración ecológica","Restauración rural",3.82,0.578208599999999
"118",NA,"29/04/2022","Pavel Enriqez",14365,14351,"Waterboxx®",NA,307,NA,NA,NA,NA,"Bueno",NA,NA,NA,NA,"Húmeda","Asteraceae","Scalesia","pedunculata var. pedunculata Hook. f.","lechoso","Santa Cruz","Finca Mario Piu",-0.702928,-90.354817,"Humífero-rocoso",170.88,"Restauración ecológica","Restauración rural",2.86,-1.5738522
"119",NA,"29/04/2022","Pavel Enriqez",14366,14752,"Hidrogel",NA,318,NA,NA,NA,NA,"Bueno",NA,NA,NA,NA,"Húmeda","Asteraceae","Scalesia","pedunculata var. pedunculata Hook. f.","lechoso","Santa Cruz","Finca Mario Piu",-0.702788,-90.354806,"Humífero-rocoso",175.77,"Restauración ecológica","Restauración rural",5.25,3.7838825
"120",NA,"29/04/2022","Pavel Enriqez",14367,14354,"Hidrogel",NA,343,NA,NA,NA,NA,"Bueno",NA,NA,NA,NA,"Húmeda","Asteraceae","Scalesia","pedunculata var. pedunculata Hook. f.","lechoso","Santa Cruz","Finca Mario Piu",-0.702986,-90.355839,"Humífero-rocoso",170.99,"Restauración ecológica","Restauración rural",5.41,4.1425593
"121",NA,"29/04/2022","Pavel Enriqez",14368,14355,"Hidrogel",NA,277,NA,NA,NA,NA,"Bueno",NA,NA,NA,NA,"Húmeda","Asteraceae","Scalesia","pedunculata var. pedunculata Hook. f.","lechoso","Santa Cruz","Finca Mario Piu",-0.702979,-90.355842,"Humífero-rocoso",171.37,"Restauración ecológica","Restauración rural",14.01,23.4214373
"122",NA,"29/04/2022","Pavel Enriqez",14369,14334,"Hidrogel",NA,254,NA,NA,NA,NA,"Bueno",NA,NA,NA,NA,"Húmeda","Asteraceae","Scalesia","pedunculata var. pedunculata Hook. f.","lechoso","Santa Cruz","Finca Mario Piu",-0.702979,-90.355842,"Humífero-rocoso",171.37,"Restauración ecológica","Restauración rural",3.18,-0.856498599999999
"123",NA,"29/04/2022","Pavel Enriqez",14370,14323,"Hidrogel",NA,352,NA,NA,NA,NA,"Bueno",NA,NA,NA,NA,"Húmeda","Asteraceae","Scalesia","pedunculata var. pedunculata Hook. f.","lechoso","Santa Cruz","Finca Mario Piu",-0.702931,-90.355951,"Humífero-rocoso",169.93,"Restauración ecológica","Restauración rural",3.66,0.219531800000001
"124",NA,"29/04/2022","Pavel Enriqez",14371,14309,"Hidrogel",NA,148,NA,NA,NA,NA,"Bueno",NA,NA,NA,NA,"Húmeda","Asteraceae","Scalesia","pedunculata var. pedunculata Hook. f.","lechoso","Santa Cruz","Finca Mario Piu",-0.702877,-90.355839,"Humífero-rocoso",169.42,"Restauración ecológica","Restauración rural",2.55,-2.2687885
"125",NA,"29/04/2022","Pavel Enriqez",14372,14327,"Hidrogel",NA,315,NA,NA,NA,NA,"Bueno",NA,NA,NA,NA,"Húmeda","Asteraceae","Scalesia","pedunculata var. pedunculata Hook. f.","lechoso","Santa Cruz","Finca Mario Piu",-0.70302,-90.355678,"Humífero-rocoso",168.82,"Restauración ecológica","Restauración rural",4.3,1.654239
"126",NA,"29/04/2022","Pavel Enriqez",14374,14304,"Hidrogel",NA,282,NA,NA,NA,NA,"Bueno",NA,NA,NA,NA,"Húmeda","Asteraceae","Scalesia","pedunculata var. pedunculata Hook. f.","lechoso","Santa Cruz","Finca Mario Piu",-0.703066,-90.355552,"Humífero-rocoso",166.17,"Restauración ecológica","Restauración rural",3.5,-0.139145
"127",NA,"29/04/2022","Pavel Enriqez",14375,14355,"Cocoon",NA,282,NA,NA,NA,NA,"Bueno",NA,NA,NA,NA,"Húmeda","Asteraceae","Scalesia","pedunculata var. pedunculata Hook. f.","lechoso","Santa Cruz","Finca Mario Piu",-0.703333,-90.355436,"Humífero-rocoso",170.82,"Restauración ecológica","Restauración rural",4.46,2.0129158
"128",NA,"29/04/2022","Pavel Enriqez",14376,14377,"Hidrogel",NA,323,NA,NA,NA,NA,"Bueno",NA,NA,NA,NA,"Húmeda","Asteraceae","Scalesia","pedunculata var. pedunculata Hook. f.","lechoso","Santa Cruz","Finca Mario Piu",-0.703336,-90.355441,"Humífero-rocoso",171.12,"Restauración ecológica","Restauración rural",5.25,3.7838825
"129",NA,"29/04/2022","Pavel Enriqez",14377,0,"Control",NA,283,NA,NA,NA,NA,"Bueno",NA,NA,NA,NA,"Húmeda","Asteraceae","Scalesia","pedunculata var. pedunculata Hook. f.","lechoso","Santa Cruz","Finca Mario Piu",-0.703335,-90.355439,"Humífero-rocoso",171.37,"Restauración ecológica","Restauración rural",4.14,1.2955622
"130",NA,"29/04/2022","Pavel Enriqez",14378,14377,"Hidrogel",NA,334,NA,NA,NA,NA,"Bueno",NA,NA,NA,NA,"Húmeda","Asteraceae","Scalesia","pedunculata var. pedunculata Hook. f.","lechoso","Santa Cruz","Finca Mario Piu",-0.703353,-90.355455,"Humífero-rocoso",171.53,"Restauración ecológica","Restauración rural",4.46,2.0129158
"131",NA,"06/02/2022","Paul Mayorga",232,786,"Waterboxx®",NA,620,NA,NA,NA,NA,"Bueno",NA,NA,NA,NA,"Húmeda","Asteraceae","Scalesia","pedunculata var. pedunculata Hook. f.","lechoso","Floreana","Aníbal Sanmiguel",-1.299708,-90.44748,"Humífero",355.88,"Restauración ecológica","Restauración rural",10.5,15.552965
"132",NA,"06/02/2022","Paul Mayorga",275,0,"Control",NA,528,NA,NA,NA,NA,"Bueno",NA,NA,NA,NA,"Húmeda","Asteraceae","Scalesia","pedunculata var. pedunculata Hook. f.","lechoso","Floreana","Aníbal Sanmiguel",-1.299615,-90.447091,"Humífero",355.29,"Restauración ecológica","Restauración rural",20.05,36.9614865
"133",NA,"06/02/2022","Paul Mayorga",310,332,"Waterboxx®",NA,700,NA,NA,NA,NA,"Bueno",NA,NA,NA,NA,"Húmeda","Asteraceae","Scalesia","pedunculata var. pedunculata Hook. f.","lechoso","Floreana","Aníbal Sanmiguel",-1.299539,-90.447195,"Humífero",355.18,"Restauración ecológica","Restauración rural",9.55,13.4233215
"134",NA,"06/02/2022","Paul Mayorga",311,318,"Waterboxx®",NA,745,NA,NA,NA,NA,"Bueno",NA,NA,NA,NA,"Húmeda","Asteraceae","Scalesia","pedunculata var. pedunculata Hook. f.","lechoso","Floreana","Aníbal Sanmiguel",-1.299529,-90.447242,"Humífero",354.63,"Restauración ecológica","Restauración rural",23.55,44.8075415
"135",NA,"06/02/2022","Paul Mayorga",312,316,"Waterboxx®",NA,580,NA,NA,NA,NA,"Bueno",NA,NA,NA,NA,"Húmeda","Asteraceae","Scalesia","pedunculata var. pedunculata Hook. f.","lechoso","Floreana","Aníbal Sanmiguel",-1.299534,-90.447261,"Humífero",354.01,"Restauración ecológica","Restauración rural",6.05,5.5772665
"136",NA,"06/02/2022","Paul Mayorga",315,0,"Control",NA,685,NA,NA,NA,NA,"Bueno",NA,NA,NA,NA,"Húmeda","Asteraceae","Scalesia","pedunculata var. pedunculata Hook. f.","lechoso","Floreana","Aníbal Sanmiguel",-1.299529,-90.447317,"Humífero",353.96,"Restauración ecológica","Restauración rural",16.55,29.1154315
"137",NA,"06/02/2022","Paul Mayorga",316,0,"Control",NA,715,NA,NA,NA,NA,"Bueno",NA,NA,NA,NA,"Húmeda","Asteraceae","Scalesia","pedunculata var. pedunculata Hook. f.","lechoso","Floreana","Aníbal Sanmiguel",-1.299533,-90.447344,"Humífero",354.04,"Restauración ecológica","Restauración rural",20.37,37.6788401
"138",NA,"06/02/2022","Paul Mayorga",318,0,"Control",NA,650,NA,NA,NA,NA,"Bueno",NA,NA,NA,NA,"Húmeda","Asteraceae","Scalesia","pedunculata var. pedunculata Hook. f.","lechoso","Floreana","Aníbal Sanmiguel",-1.299542,-90.4474,"Humífero",353.68,"Restauración ecológica","Restauración rural",7.64,9.1416172
"139",NA,"06/02/2022","Paul Mayorga",353,243,"Waterboxx®",NA,890,NA,NA,NA,NA,"Regular",NA,NA,NA,NA,"Húmeda","Asteraceae","Scalesia","pedunculata var. pedunculata Hook. f.","lechoso","Floreana","Aníbal Sanmiguel",-1.299451,-90.447305,"Humífero",353.65,"Restauración ecológica","Restauración rural",11.46,17.7050258
"140",NA,"06/02/2022","Paul Mayorga",364,787,"Waterboxx®",NA,796,NA,NA,NA,NA,"Regular",NA,NA,NA,NA,"Húmeda","Asteraceae","Scalesia","pedunculata var. pedunculata Hook. f.","lechoso","Floreana","Aníbal Sanmiguel",-1.299419,-90.44746,"Humífero",332.27,"Restauración ecológica","Restauración rural",10.27,15.0373671
"141",NA,"06/02/2022","Paul Mayorga",366,789,"Waterboxx®",NA,855,NA,NA,NA,NA,"Bueno",NA,NA,NA,NA,"Húmeda","Asteraceae","Scalesia","pedunculata var. pedunculata Hook. f.","lechoso","Floreana","Aníbal Sanmiguel",-1.299418,-90.44738,"Humífero",331.94,"Restauración ecológica","Restauración rural",22.12,41.6018676
"142",NA,"06/02/2022","Paul Mayorga",371,259,"Waterboxx®",NA,811,NA,NA,NA,NA,"Bueno",NA,NA,NA,NA,"Húmeda","Asteraceae","Scalesia","pedunculata var. pedunculata Hook. f.","lechoso","Floreana","Aníbal Sanmiguel",-1.299416,-90.447229,"Humífero",335.67,"Restauración ecológica","Restauración rural",14.01,23.4214373
"143",NA,"06/02/2022","Paul Mayorga",376,276,"Waterboxx®",NA,768,NA,NA,NA,NA,"Bueno",NA,NA,NA,NA,"Húmeda","Asteraceae","Scalesia","pedunculata var. pedunculata Hook. f.","lechoso","Floreana","Aníbal Sanmiguel",-1.2995,-90.447133,"Humífero",337.73,"Restauración ecológica","Restauración rural",24.83,47.6769559
"144",NA,"06/02/2022","Paul Mayorga",377,336,"Waterboxx®",NA,760,NA,NA,NA,NA,"Bueno",NA,NA,NA,NA,"Húmeda","Asteraceae","Scalesia","pedunculata var. pedunculata Hook. f.","lechoso","Floreana","Aníbal Sanmiguel",-1.299486,-90.447149,"Humífero",338.06,"Restauración ecológica","Restauración rural",14.64,24.8337272
"145",NA,"06/02/2022","Paul Mayorga",382,315,"Waterboxx®",NA,898,NA,NA,NA,NA,"Bueno",NA,NA,NA,NA,"Húmeda","Asteraceae","Scalesia","pedunculata var. pedunculata Hook. f.","lechoso","Floreana","Aníbal Sanmiguel",-1.299472,-90.447267,"Humífero",339.05,"Restauración ecológica","Restauración rural",16.87,29.8327851
"146",NA,"06/02/2022","Paul Mayorga",385,345,"Waterboxx®",NA,689,NA,NA,NA,NA,"Bueno",NA,NA,NA,NA,"Húmeda","Asteraceae","Scalesia","pedunculata var. pedunculata Hook. f.","lechoso","Floreana","Aníbal Sanmiguel",-1.299467,-90.44736,"Humífero",339.95,"Restauración ecológica","Restauración rural",22.44,42.3192212
"147",NA,"06/02/2022","Paul Mayorga",401,259,"Waterboxx®",NA,885,NA,NA,NA,NA,"Bueno",NA,NA,NA,NA,"Húmeda","Asteraceae","Scalesia","pedunculata var. pedunculata Hook. f.","lechoso","Floreana","Aníbal Sanmiguel",-1.299587,-90.447322,"Humífero",344.63,"Restauración ecológica","Restauración rural",18.3,33.038459
"148",NA,"06/02/2022","Paul Mayorga",404,274,"Waterboxx®",NA,861,NA,NA,NA,NA,"Bueno",NA,NA,NA,NA,"Húmeda","Asteraceae","Scalesia","pedunculata var. pedunculata Hook. f.","lechoso","Floreana","Aníbal Sanmiguel",-1.299585,-90.447403,"Humífero",344.96,"Restauración ecológica","Restauración rural",10.5,15.552965
"149",NA,"06/02/2022","Paul Mayorga",415,316,"Waterboxx®",NA,725,NA,NA,NA,NA,"Bueno",NA,NA,NA,NA,"Húmeda","Asteraceae","Scalesia","pedunculata var. pedunculata Hook. f.","lechoso","Floreana","Aníbal Sanmiguel",-1.297949,-90.447112,"Humífero",339.2,"Restauración ecológica","Restauración rural",11.3,17.346349
"150",NA,"06/02/2022","Paul Mayorga",416,315,"Waterboxx®",NA,762,NA,NA,NA,NA,"Bueno",NA,NA,NA,NA,"Húmeda","Asteraceae","Scalesia","pedunculata var. pedunculata Hook. f.","lechoso","Floreana","Aníbal Sanmiguel",-1.297942,-90.44714,"Humífero",338.97,"Restauración ecológica","Restauración rural",21.01,39.1135473
"151",NA,"06/02/2022","Paul Mayorga",418,346,"Waterboxx®",NA,715,NA,NA,NA,NA,"Bueno",NA,NA,NA,NA,"Húmeda","Asteraceae","Scalesia","pedunculata var. pedunculata Hook. f.","lechoso","Floreana","Aníbal Sanmiguel",-1.297927,-90.447193,"Humífero",339.57,"Restauración ecológica","Restauración rural",12.41,19.8346693
"152",NA,"06/02/2022","Paul Mayorga",419,345,"Waterboxx®",NA,725,NA,NA,NA,NA,"Bueno",NA,NA,NA,NA,"Húmeda","Asteraceae","Scalesia","pedunculata var. pedunculata Hook. f.","lechoso","Floreana","Aníbal Sanmiguel",-1.297928,-90.447222,"Humífero",339.27,"Restauración ecológica","Restauración rural",15.28,26.2684344
"153",NA,"06/02/2022","Paul Mayorga",420,344,"Waterboxx®",NA,680,NA,NA,NA,NA,"Bueno",NA,NA,NA,NA,"Húmeda","Asteraceae","Scalesia","pedunculata var. pedunculata Hook. f.","lechoso","Floreana","Aníbal Sanmiguel",-1.297918,-90.447244,"Humífero",339.27,"Restauración ecológica","Restauración rural",9.87,14.1406751
"154",NA,"06/02/2022","Paul Mayorga",426,317,"Waterboxx®",NA,845,NA,NA,NA,NA,"Bueno",NA,NA,NA,NA,"Húmeda","Asteraceae","Scalesia","pedunculata var. pedunculata Hook. f.","lechoso","Floreana","Aníbal Sanmiguel",-1.297805,-90.447204,"Humífero",342.69,"Restauración ecológica","Restauración rural",10.82,16.2703186
"155",NA,"06/02/2022","Paul Mayorga",479,251,"Waterboxx®",NA,888,NA,NA,NA,NA,"Bueno",NA,NA,NA,NA,"Húmeda","Asteraceae","Scalesia","pedunculata var. pedunculata Hook. f.","lechoso","Floreana","Aníbal Sanmiguel",-1.297945,-90.447039,"Humífero",356.85,"Restauración ecológica","Restauración rural",14.01,23.4214373
"156",NA,"06/02/2022","Paul Mayorga",485,276,"Waterboxx®",NA,768,NA,NA,NA,NA,"Bueno",NA,NA,NA,NA,"Húmeda","Asteraceae","Scalesia","pedunculata var. pedunculata Hook. f.","lechoso","Floreana","Aníbal Sanmiguel",-1.29792,-90.447201,"Humífero",354.07,"Restauración ecológica","Restauración rural",8.44,10.9350012
"157",NA,"06/02/2022","Paul Mayorga",487,336,"Waterboxx®",NA,869,NA,NA,NA,NA,"Bueno",NA,NA,NA,NA,"Húmeda","Asteraceae","Scalesia","pedunculata var. pedunculata Hook. f.","lechoso","Floreana","Aníbal Sanmiguel",-1.297935,-90.447228,"Humífero",353.67,"Restauración ecológica","Restauración rural",12.73,20.5520229
"158",NA,"06/02/2022","Paul Mayorga",488,243,"Waterboxx®",NA,693,NA,NA,NA,NA,"Bueno",NA,NA,NA,NA,"Húmeda","Asteraceae","Scalesia","pedunculata var. pedunculata Hook. f.","lechoso","Floreana","Aníbal Sanmiguel",-1.297948,-90.447199,"Humífero",353.82,"Restauración ecológica","Restauración rural",18.62,33.7558126
"159",NA,"06/02/2022","Paul Mayorga",489,332,"Waterboxx®",NA,800,NA,NA,NA,NA,"Bueno",NA,NA,NA,NA,"Húmeda","Asteraceae","Scalesia","pedunculata var. pedunculata Hook. f.","lechoso","Floreana","Aníbal Sanmiguel",-1.297948,-90.447199,"Humífero",353.82,"Restauración ecológica","Restauración rural",20.05,36.9614865
"160",NA,"06/02/2022","Paul Mayorga",522,315,"Waterboxx®",NA,650,NA,NA,NA,NA,"Bueno",NA,NA,NA,NA,"Húmeda","Asteraceae","Scalesia","pedunculata var. pedunculata Hook. f.","lechoso","Floreana","Aníbal Sanmiguel",-1.298,-90.447211,"Humífero",355.39,"Restauración ecológica","Restauración rural",14.64,24.8337272
"161",NA,"06/02/2022","Paul Mayorga",523,347,"Waterboxx®",NA,840,NA,NA,NA,NA,"Bueno",NA,NA,NA,NA,"Húmeda","Asteraceae","Scalesia","pedunculata var. pedunculata Hook. f.","lechoso","Floreana","Aníbal Sanmiguel",-1.298008,-90.447196,"Humífero",355.15,"Restauración ecológica","Restauración rural",19.1,34.831843
"162",NA,"06/02/2022","Paul Mayorga",525,345,"Waterboxx®",NA,825,NA,NA,NA,NA,"Bueno",NA,NA,NA,NA,"Húmeda","Asteraceae","Scalesia","pedunculata var. pedunculata Hook. f.","lechoso","Floreana","Aníbal Sanmiguel",-1.298019,-90.447143,"Humífero",355.76,"Restauración ecológica","Restauración rural",14.96,25.5510808
"163",NA,"21/06/2022","David Cárdenas",13061,0,"Control",NA,220,NA,NA,NA,NA,"Bueno",NA,NA,NA,NA,"Transición","Asteraceae","Scalesia","pedunculata var. pedunculata Hook. f.","lechoso","Santa Cruz","Rancho Terramar",-0.638675,-90.428896,"Rocoso-arenoso",416.96,"Restauración ecológica","Restauración rural",3.18,-0.856498599999999
"164",NA,"21/06/2022","David Cárdenas",13054,13061,"Waterboxx®",NA,240,NA,NA,NA,NA,"Bueno",NA,NA,NA,NA,"Transición","Asteraceae","Scalesia","pedunculata var. pedunculata Hook. f.","lechoso","Santa Cruz","Rancho Terramar",-0.638645,-90.42889,"Rocoso-arenoso",415.29,"Restauración ecológica","Restauración rural",3.5,-0.139145
"165",NA,"21/06/2020","David Cárdenas",13050,13092,"Hidrogel",NA,188,NA,NA,NA,NA,"Bueno",NA,NA,NA,NA,"Transición","Asteraceae","Scalesia","pedunculata var. pedunculata Hook. f.","lechoso","Santa Cruz","Rancho Terramar",-0.638599,-90.428896,"Rocoso-arenoso",415.77,"Restauración ecológica","Restauración rural",2.55,-2.2687885
"166",NA,"21/06/2022","David Cárdenas",12993,13049,"Waterboxx®",NA,275,NA,NA,NA,NA,"Bueno",NA,NA,NA,NA,"Transición","Asteraceae","Scalesia","pedunculata var. pedunculata Hook. f.","lechoso","Santa Cruz","Rancho Terramar",-0.638582,-90.428936,"Rocoso-arenoso",412.32,"Restauración ecológica","Restauración rural",3.5,-0.139145
"167",NA,"21/06/2022","David Cárdenas",12991,13027,"Hidrogel",NA,148,NA,NA,NA,NA,"Bueno",NA,NA,NA,NA,"Transición","Asteraceae","Scalesia","pedunculata var. pedunculata Hook. f.","lechoso","Santa Cruz","Rancho Terramar",-0.638592,-90.428954,"Rocoso-arenoso",413.31,"Restauración ecológica","Restauración rural",2.55,-2.2687885
"168",NA,"21/06/2022","David Cárdenas",12995,13061,"Cocoon",NA,196,NA,NA,NA,NA,"Bueno",NA,NA,NA,NA,"Transición","Asteraceae","Scalesia","pedunculata var. pedunculata Hook. f.","lechoso","Santa Cruz","Rancho Terramar",-0.63856,-90.428918,"Rocoso-arenoso",412.62,"Restauración ecológica","Restauración rural",3.18,-0.856498599999999
"169",NA,"21/06/2022","David Cárdenas",13037,13027,"Waterboxx®",NA,209,NA,NA,NA,NA,"Bueno",NA,NA,NA,NA,"Transición","Asteraceae","Scalesia","pedunculata var. pedunculata Hook. f.","lechoso","Santa Cruz","Rancho Terramar",-0.638608,-90.428897,"Rocoso-arenoso",408.9,"Restauración ecológica","Restauración rural",3.18,-0.856498599999999
"170",NA,"21/06/2022","David Cárdenas",13039,13061,"Waterboxx®",NA,220,NA,NA,NA,NA,"Bueno",NA,NA,NA,NA,"Transición","Asteraceae","Scalesia","pedunculata var. pedunculata Hook. f.","lechoso","Santa Cruz","Rancho Terramar",-0.638607,-90.42886,"Rocoso-arenoso",412.42,"Restauración ecológica","Restauración rural",3.82,0.578208599999999
"171",NA,"21/06/2022","David Cárdenas",13049,0,"Control",NA,255,NA,NA,NA,NA,"Bueno",NA,NA,NA,NA,"Transición","Asteraceae","Scalesia","pedunculata var. pedunculata Hook. f.","lechoso","Santa Cruz","Rancho Terramar",-0.638616,-90.428875,"Rocoso-arenoso",415.83,"Restauración ecológica","Restauración rural",3.18,-0.856498599999999
"172",NA,"21/06/2022","David Cárdenas",13041,13082,"Waterboxx®",NA,274,NA,NA,NA,NA,"Bueno",NA,NA,NA,NA,"Transición","Asteraceae","Scalesia","pedunculata var. pedunculata Hook. f.","lechoso","Santa Cruz","Rancho Terramar",-0.638607,-90.428865,"Rocoso-arenoso",415.78,"Restauración ecológica","Restauración rural",2.86,-1.5738522
"173",NA,"21/06/2022","David Cárdenas",13027,0,"Control",NA,289,NA,NA,NA,NA,"Bueno",NA,NA,NA,NA,"Transición","Asteraceae","Scalesia","pedunculata var. pedunculata Hook. f.","lechoso","Santa Cruz","Rancho Terramar",-0.638573,-90.428837,"Rocoso-arenoso",412.65,"Restauración ecológica","Restauración rural",4.46,2.0129158
"174",NA,"21/06/2022","David Cárdenas",13014,13092,"Hidrogel",NA,283,NA,NA,NA,NA,"Bueno",NA,NA,NA,NA,"Transición","Asteraceae","Scalesia","pedunculata var. pedunculata Hook. f.","lechoso","Santa Cruz","Rancho Terramar",-0.638565,-90.428801,"Rocoso-arenoso",411.29,"Restauración ecológica","Restauración rural",4.77,2.7078521
"175",NA,"21/06/2022","David Cárdenas",13083,0,"Control",NA,218,NA,NA,NA,NA,"Bueno",NA,NA,NA,NA,"Transición","Asteraceae","Scalesia","pedunculata var. pedunculata Hook. f.","lechoso","Santa Cruz","Rancho Terramar",-0.638663,-90.428823,"Rocoso-arenoso",422.21,"Restauración ecológica","Restauración rural",3.5,-0.139145
"176",NA,"21/06/2022","David Cárdenas",13082,0,"Control",NA,237,NA,NA,NA,NA,"Bueno",NA,NA,NA,NA,"Transición","Asteraceae","Scalesia","pedunculata var. pedunculata Hook. f.","lechoso","Santa Cruz","Rancho Terramar",-0.638618,-90.428799,"Rocoso-arenoso",416.76,"Restauración ecológica","Restauración rural",3.18,-0.856498599999999
"177",NA,"21/06/2022","David Cárdenas",13098,0,"Control",NA,240,NA,NA,NA,NA,"Bueno",NA,NA,NA,NA,"Transición","Asteraceae","Scalesia","pedunculata var. pedunculata Hook. f.","lechoso","Santa Cruz","Rancho Terramar",-0.638653,-90.428845,"Rocoso-arenoso",419.28,"Restauración ecológica","Restauración rural",2.23,-2.9861421
"178",NA,"21/06/2022","David Cárdenas",13044,13083,"Cocoon",NA,191,NA,NA,NA,NA,"Bueno",NA,NA,NA,NA,"Transición","Asteraceae","Scalesia","pedunculata var. pedunculata Hook. f.","lechoso","Santa Cruz","Rancho Terramar",-0.638634,-90.428847,"Rocoso-arenoso",414.29,"Restauración ecológica","Restauración rural",3.98,0.9368854
"179",NA,"21/06/2022","David Cárdenas",12987,13013,"Waterboxx®",NA,234,NA,NA,NA,NA,"Bueno",NA,NA,NA,NA,"Transición","Asteraceae","Scalesia","pedunculata var. pedunculata Hook. f.","lechoso","Santa Cruz","Rancho Terramar",-0.638661,-90.428983,"Rocoso-arenoso",411.97,"Restauración ecológica","Restauración rural",2.55,-2.2687885
"180",NA,"21/06/2022","David Cárdenas",9535,9618,"Waterboxx®_Hidrogel",NA,452,NA,NA,NA,NA,"Bueno",NA,NA,NA,NA,"Húmeda","Asteraceae","Scalesia","pedunculata var. pedunculata Hook. f.","lechoso","Santa Cruz","Recinto el Cascajo",-0.665039,-90.275359,"Rocoso-arcilloso",309.29,"Restauración ecológica","Restauración rural",19.74,36.2665502
"181",NA,"21/06/2022","David Cárdenas",9584,9618,"Cocoon_Hidrogel",NA,580,NA,NA,NA,NA,"Bueno",NA,NA,NA,NA,"Húmeda","Asteraceae","Scalesia","pedunculata var. pedunculata Hook. f.","lechoso","Santa Cruz","Recinto el Cascajo",-0.665254,-90.275226,"Rocoso-arcilloso",307.43,"Restauración ecológica","Restauración rural",14.64,24.8337272
"182",NA,"21/06/2022","David Cárdenas",9840,9858,"Cocoon_Hidrogel",NA,510,NA,NA,NA,NA,"Bueno",NA,NA,NA,NA,"Húmeda","Asteraceae","Scalesia","pedunculata var. pedunculata Hook. f.","lechoso","Santa Cruz","Rancho El Chato",-0.668257,-90.4307,"Rocoso-arcilloso",240.44,"Restauración ecológica","Restauración rural",10.5,15.552965
"183",NA,"21/06/2022","David Cárdenas",9844,9858,"Cocoon_Hidrogel",NA,493,NA,NA,NA,NA,"Bueno",NA,NA,NA,NA,"Húmeda","Asteraceae","Scalesia","pedunculata var. pedunculata Hook. f.","lechoso","Santa Cruz","Rancho El Chato",-0.668311,-90.430666,"Rocoso-arcilloso",242.1,"Restauración ecológica","Restauración rural",11.46,17.7050258
"184",NA,"21/06/2022","David Cárdenas",9847,9858,"Waterboxx®_Hidrogel",NA,490,NA,NA,NA,NA,"Bueno",NA,NA,NA,NA,"Húmeda","Asteraceae","Scalesia","pedunculata var. pedunculata Hook. f.","lechoso","Santa Cruz","Rancho El Chato",-0.66836,-90.430666,"Rocoso-arcilloso",241.04,"Restauración ecológica","Restauración rural",10.19,14.8580287
"185",NA,"21/06/2022","David Cárdenas",9871,9836,"Waterboxx®_Hidrogel",NA,477,NA,NA,NA,NA,"Bueno",NA,NA,NA,NA,"Húmeda","Asteraceae","Scalesia","pedunculata var. pedunculata Hook. f.","lechoso","Santa Cruz","Rancho El Chato",-0.668356,-90.430669,"Rocoso-arcilloso",243.32,"Restauración ecológica","Restauración rural",9.87,14.1406751
"186",NA,"21/06/2022","David Cárdenas",9851,9858,"Waterboxx®_Hidrogel",NA,396,NA,NA,NA,NA,"Bueno",NA,NA,NA,NA,"Húmeda","Asteraceae","Scalesia","pedunculata var. pedunculata Hook. f.","lechoso","Santa Cruz","Rancho El Chato",-0.668329,-90.430587,"Rocoso-arcilloso",244.76,"Restauración ecológica","Restauración rural",20.69,38.3961937
"187",NA,"21/06/2022","David Cárdenas",9839,9858,"Cocoon_Hidrogel",NA,530,NA,NA,NA,NA,"Bueno",NA,NA,NA,NA,"Húmeda","Asteraceae","Scalesia","pedunculata var. pedunculata Hook. f.","lechoso","Santa Cruz","Rancho El Chato",-0.668279,-90.43073,"Rocoso-arcilloso",242.14,"Restauración ecológica","Restauración rural",22.92,43.3952516
"188",NA,"21/06/2022","David Cárdenas",9836,9858,"Hidrogel",NA,515,NA,NA,NA,NA,"Bueno",NA,NA,NA,NA,"Húmeda","Asteraceae","Scalesia","pedunculata var. pedunculata Hook. f.","lechoso","Santa Cruz","Rancho El Chato",-0.668346,-90.430706,"Rocoso-arcilloso",242.41,"Restauración ecológica","Restauración rural",23.4,44.471282
"189",NA,"21/06/2022","David Cárdenas",9875,9858,"Cocoon_Hidrogel",NA,504,NA,NA,NA,NA,"Bueno",NA,NA,NA,NA,"Húmeda","Asteraceae","Scalesia","pedunculata var. pedunculata Hook. f.","lechoso","Santa Cruz","Rancho El Chato",-0.668337,-90.430748,"Rocoso-arcilloso",242.21,"Restauración ecológica","Restauración rural",8.59,11.2712607
"190",NA,"21/06/2022","David Cárdenas",11146,11179,"Waterboxx®_Hidrogel",NA,399,NA,NA,NA,NA,"Bueno",NA,NA,NA,NA,"Húmeda","Asteraceae","Scalesia","pedunculata var. pedunculata Hook. f.","lechoso","Santa Cruz","Rancho El Manzanillo",-0.696541,-90.400988,"Rocoso-arcilloso",170.14,"Restauración ecológica","Restauración rural",8.75,11.6299375
"191",NA,"21/06/2022","David Cárdenas",11143,11155,"Cocoon_Hidrogel",NA,274,NA,NA,NA,NA,"Bueno",NA,NA,NA,NA,"Húmeda","Asteraceae","Scalesia","pedunculata var. pedunculata Hook. f.","lechoso","Santa Cruz","Rancho El Manzanillo",-0.696386,-90.401011,"Rocoso-arcilloso",167.47,"Restauración ecológica","Restauración rural",3.18,-0.856498599999999
"192",NA,"21/06/2022","David Cárdenas",11158,0,"Control",NA,94,NA,NA,NA,NA,"Bueno",NA,NA,NA,NA,"Húmeda","Asteraceae","Scalesia","pedunculata var. pedunculata Hook. f.","lechoso","Santa Cruz","Rancho El Manzanillo",-0.696422,-90.400908,"Rocoso-arcilloso",173.32,"Restauración ecológica","Restauración rural",3.02,-1.2151754
"193",NA,"21/06/2022","David Cárdenas",11157,0,"Control",NA,267,NA,NA,NA,NA,"Bueno",NA,NA,NA,NA,"Húmeda","Asteraceae","Scalesia","pedunculata var. pedunculata Hook. f.","lechoso","Santa Cruz","Rancho El Manzanillo",-0.696389,-90.400856,"Rocoso-arcilloso",173.46,"Restauración ecológica","Restauración rural",4.77,2.7078521
"194",NA,"21/06/2022","David Cárdenas",11159,11179,"Waterboxx®_Hidrogel",NA,510,NA,NA,NA,NA,"Bueno",NA,NA,NA,NA,"Húmeda","Asteraceae","Scalesia","pedunculata var. pedunculata Hook. f.","lechoso","Santa Cruz","Rancho El Manzanillo",-0.696547,-90.400861,"Rocoso-arcilloso",170.57,"Restauración ecológica","Restauración rural",7.96,9.8589708
"195",NA,"21/06/2022","David Cárdenas",11173,11151,"Cocoon_Hidrogel",NA,310,NA,NA,NA,NA,"Bueno",NA,NA,NA,NA,"Húmeda","Asteraceae","Scalesia","pedunculata var. pedunculata Hook. f.","lechoso","Santa Cruz","Rancho El Manzanillo",-0.697318,-90.401318,"Rocoso-arcilloso",165.74,"Restauración ecológica","Restauración rural",6.05,5.5772665
"196",NA,"21/06/2022","David Cárdenas",11176,11179,"Cocoon_Hidrogel",NA,225,NA,NA,NA,NA,"Bueno",NA,NA,NA,NA,"Húmeda","Asteraceae","Scalesia","pedunculata var. pedunculata Hook. f.","lechoso","Santa Cruz","Rancho El Manzanillo",-0.697384,-90.401375,"Rocoso-arcilloso",167.02,"Restauración ecológica","Restauración rural",3.5,-0.139145
"197",NA,"07/06/2022","David Cárdenas",13256,13283,"Hidrogel",NA,512,NA,NA,NA,NA,"Bueno",NA,NA,NA,NA,"Transición","Asteraceae","Scalesia","pedunculata var. pedunculata Hook. f.","lechoso","Santa Cruz","Finca Darwin Ecogarden 2",-0.696647,-90.347323,"Rocoso-arcilloso",214.24,"Restauración ecológica","Restauración rural",14.16,23.7576968
"198",NA,"07/06/2022","David Cárdenas",13261,13260,"Hidrogel",NA,391,NA,NA,NA,NA,"Bueno",NA,NA,NA,NA,"Transición","Asteraceae","Scalesia","pedunculata var. pedunculata Hook. f.","lechoso","Santa Cruz","Finca Darwin Ecogarden 2",-0.696638,-90.347276,"Rocoso-arcilloso",210.85,"Restauración ecológica","Restauración rural",5.09,3.4252057
"199",NA,"07/06/2022","David Cárdenas",13260,0,"Control",NA,345,NA,NA,NA,NA,"Malo",NA,NA,NA,NA,"Transición","Asteraceae","Scalesia","pedunculata var. pedunculata Hook. f.","lechoso","Santa Cruz","Finca Darwin Ecogarden 2",-0.696595,-90.347318,"Rocoso-arcilloso",214.38,"Restauración ecológica","Restauración rural",5.73,4.8599129
"200",NA,"07/06/2022","David Cárdenas",13259,13254,"Hidrogel",NA,295,NA,NA,NA,NA,"Bueno",NA,NA,NA,NA,"Transición","Asteraceae","Scalesia","pedunculata var. pedunculata Hook. f.","lechoso","Santa Cruz","Finca Darwin Ecogarden 2",-0.696542,-90.34725,"Rocoso-arcilloso",218.25,"Restauración ecológica","Restauración rural",2.86,-1.5738522
"201",NA,"07/06/2022","David Cárdenas",13269,13279,"Waterboxx®",NA,230,NA,NA,NA,NA,"Bueno",NA,NA,NA,NA,"Transición","Asteraceae","Scalesia","pedunculata var. pedunculata Hook. f.","lechoso","Santa Cruz","Finca Darwin Ecogarden 2",-0.696646,-90.347058,"Rocoso-arcilloso",212.11,"Restauración ecológica","Restauración rural",2.55,-2.2687885
"202",NA,"07/06/2022","David Cárdenas",13276,0,"Control",NA,178,NA,NA,NA,NA,"Bueno",NA,NA,NA,NA,"Transición","Asteraceae","Scalesia","pedunculata var. pedunculata Hook. f.","lechoso","Santa Cruz","Finca Darwin Ecogarden 2",-0.696642,-90.346998,"Rocoso-arcilloso",212.1,"Restauración ecológica","Restauración rural",1.27,-5.1382029
"203",NA,"07/06/2022","David Cárdenas",13279,0,"Control",NA,224,NA,NA,NA,NA,"Regular",NA,NA,NA,NA,"Transición","Asteraceae","Scalesia","pedunculata var. pedunculata Hook. f.","lechoso","Santa Cruz","Finca Darwin Ecogarden 2",-0.696681,-90.347005,"Rocoso-arcilloso",218.84,"Restauración ecológica","Restauración rural",1.59,-4.4208493
"204",NA,"07/06/2022","David Cárdenas",13281,13254,"Hidrogel",NA,260,NA,NA,NA,NA,"Bueno",NA,NA,NA,NA,"Transición","Asteraceae","Scalesia","pedunculata var. pedunculata Hook. f.","lechoso","Santa Cruz","Finca Darwin Ecogarden 2",-0.69663,-90.346951,"Rocoso-arcilloso",214.82,"Restauración ecológica","Restauración rural",2.23,-2.9861421
"205",NA,"07/06/2022","David Cárdenas",13215,13240,"Waterboxx®",NA,462,NA,NA,NA,NA,"Bueno",NA,NA,NA,NA,"Transición","Asteraceae","Scalesia","pedunculata var. pedunculata Hook. f.","lechoso","Santa Cruz","Finca Darwin Ecogarden 2",-0.697139,-90.346824,"Rocoso-arcilloso",216.28,"Restauración ecológica","Restauración rural",4.14,1.2955622
"206",NA,"07/06/2022","David Cárdenas",13230,13251,"Cocoon",NA,156,NA,NA,NA,NA,"Bueno",NA,NA,NA,NA,"Transición","Asteraceae","Scalesia","pedunculata var. pedunculata Hook. f.","lechoso","Santa Cruz","Finca Darwin Ecogarden 2",-0.697129,-90.348122,"Rocoso-arcilloso",213.87,"Restauración ecológica","Restauración rural",1.27,-5.1382029
"207",NA,"07/06/2022","David Cárdenas",13233,13279,"Cocoon",NA,301,NA,NA,NA,NA,"Bueno",NA,NA,NA,NA,"Transición","Asteraceae","Scalesia","pedunculata var. pedunculata Hook. f.","lechoso","Santa Cruz","Finca Darwin Ecogarden 2",-0.697112,-90.348133,"Rocoso-arcilloso",207.15,"Restauración ecológica","Restauración rural",3.82,0.578208599999999
"208",NA,"07/06/2022","David Cárdenas",13235,13276,"Cocoon",NA,185,NA,NA,NA,NA,"Bueno",NA,NA,NA,NA,"Transición","Asteraceae","Scalesia","pedunculata var. pedunculata Hook. f.","lechoso","Santa Cruz","Finca Darwin Ecogarden 2",-0.69716,-90.348217,"Rocoso-arcilloso",208.03,"Restauración ecológica","Restauración rural",1.43,-4.7795261
"209",NA,"07/06/2022","David Cárdenas",13244,13276,"Waterboxx®",NA,211,NA,NA,NA,NA,"Bueno",NA,NA,NA,NA,"Transición","Asteraceae","Scalesia","pedunculata var. pedunculata Hook. f.","lechoso","Santa Cruz","Finca Darwin Ecogarden 2",-0.697116,-90.348259,"Rocoso-arcilloso",205.46,"Restauración ecológica","Restauración rural",1.43,-4.7795261
"210",NA,"07/06/2022","David Cárdenas",13246,13283,"Cocoon",NA,251,NA,NA,NA,NA,"Bueno",NA,NA,NA,NA,"Transición","Asteraceae","Scalesia","pedunculata var. pedunculata Hook. f.","lechoso","Santa Cruz","Finca Darwin Ecogarden 2",-0.697121,-90.348289,"Rocoso-arcilloso",206.41,"Restauración ecológica","Restauración rural",5.09,3.4252057
"211",NA,"07/06/2022","David Cárdenas",13247,13283,"Waterboxx®",NA,366,NA,NA,NA,NA,"Bueno",NA,NA,NA,NA,"Transición","Asteraceae","Scalesia","pedunculata var. pedunculata Hook. f.","lechoso","Santa Cruz","Finca Darwin Ecogarden 2",-0.697085,-90.348275,"Rocoso-arcilloso",212.17,"Restauración ecológica","Restauración rural",4.77,2.7078521
"212",NA,"2021","Investigador",259,0,"Control",NA,510,NA,NA,NA,NA,"Bueno",NA,NA,NA,NA,"Húmeda","Asteraceae","Scalesia","pedunculata var. pedunculata Hook. f.","lechoso","Floreana","Anibal Sanmiguel",-1.299638,-90.447358,"Humífero",354.79,"Restauración ecológica","Restauración rural",8.91,11.9886143
"213",NA,"2021","Investigador",315,0,"Control",NA,705,NA,NA,NA,NA,"Bueno",NA,NA,NA,NA,"Húmeda","Asteraceae","Scalesia","pedunculata var. pedunculata Hook. f.","lechoso","Floreana","Anibal Sanmiguel",-1.299529,-90.447317,"Humífero",353.96,"Restauración ecológica","Restauración rural",11.14,16.9876722
"214",NA,"2021","Investigador",318,0,"Control",NA,715,NA,NA,NA,NA,"Bueno",NA,NA,NA,NA,"Húmeda","Asteraceae","Scalesia","pedunculata var. pedunculata Hook. f.","lechoso","Floreana","Anibal Sanmiguel",-1.299542,-90.4474,"Humífero",353.68,"Restauración ecológica","Restauración rural",10.19,14.8580287
"215",NA,"2021","Investigador",347,0,"Control",NA,850,NA,NA,NA,NA,"Bueno",NA,NA,NA,NA,"Húmeda","Asteraceae","Scalesia","pedunculata var. pedunculata Hook. f.","lechoso","Floreana","Anibal Sanmiguel",-1.299466,-90.447454,"Humífero",354.79,"Restauración ecológica","Restauración rural",14.64,24.8337272
"216",NA,"2021","Investigador",9646,9797,"Hidrogel",NA,605,NA,NA,NA,NA,"Bueno",NA,NA,NA,NA,"Húmeda","Asteraceae","Scalesia","pedunculata var. pedunculata Hook. f.","lechoso","Santa Cruz","Finca Mario Piu",-0.702564,-90.35446,"Humífero-rocoso",172.77,"Restauración ecológica","Restauración rural",9.55,13.4233215
"217",NA,"2021","Investigador",9654,0,"Control",NA,581,NA,NA,NA,NA,"Bueno",NA,NA,NA,NA,"Húmeda","Asteraceae","Scalesia","pedunculata var. pedunculata Hook. f.","lechoso","Santa Cruz","Finca Mario Piu",-0.702683,-90.354555,"Humífero-rocoso",171.15,"Restauración ecológica","Restauración rural",11.46,17.7050258
"218",NA,"2021","Investigador",9680,0,"Control",NA,606,NA,NA,NA,NA,"Bueno",NA,NA,NA,NA,"Húmeda","Asteraceae","Scalesia","pedunculata var. pedunculata Hook. f.","lechoso","Santa Cruz","Finca Mario Piu",-0.702956,-90.354371,"Humífero-rocoso",172.99,"Restauración ecológica","Restauración rural",9.55,13.4233215
"219",NA,"2021","Investigador",9696,0,"Control",NA,545,NA,NA,NA,NA,"Bueno",NA,NA,NA,NA,"Húmeda","Asteraceae","Scalesia","pedunculata var. pedunculata Hook. f.","lechoso","Santa Cruz","Finca Mario Piu",-0.70258,-90.354189,"Humífero-rocoso",178.34,"Restauración ecológica","Restauración rural",9.55,13.4233215
"220",NA,"2021","Investigador",9700,0,"Control",NA,500,NA,NA,NA,NA,"Bueno",NA,NA,NA,NA,"Húmeda","Asteraceae","Scalesia","pedunculata var. pedunculata Hook. f.","lechoso","Santa Cruz","Finca Mario Piu",-0.702503,-90.354344,"Humífero-rocoso",176.95,"Restauración ecológica","Restauración rural",9.87,14.1406751
"221",NA,"2021","Investigador",9728,0,"Control",NA,550,NA,NA,NA,NA,"Bueno",NA,NA,NA,NA,"Húmeda","Asteraceae","Scalesia","pedunculata var. pedunculata Hook. f.","lechoso","Santa Cruz","Finca Mario Piu",-0.70294,-90.354166,"Humífero-rocoso",171.82,"Restauración ecológica","Restauración rural",7.96,9.8589708
"222",NA,"2021","Investigador",9736,0,"Control",NA,658,NA,NA,NA,NA,"Bueno",NA,NA,NA,NA,"Húmeda","Asteraceae","Scalesia","pedunculata var. pedunculata Hook. f.","lechoso","Santa Cruz","Finca Mario Piu",-0.702861,-90.35411,"Humífero-rocoso",176.55,"Restauración ecológica","Restauración rural",11.14,16.9876722
"223",NA,"2021","Investigador",9758,9768,"Hidrogel",NA,850,NA,NA,NA,NA,"Bueno",NA,NA,NA,NA,"Húmeda","Asteraceae","Scalesia","pedunculata var. pedunculata Hook. f.","lechoso","Santa Cruz","Finca Mario Piu",-0.703308,-90.354054,"Humífero-rocoso",168.4,"Restauración ecológica","Restauración rural",8.59,11.2712607
"224",NA,"2021","Investigador",9759,9700,"Hidrogel",NA,760,NA,NA,NA,NA,"Bueno",NA,NA,NA,NA,"Húmeda","Asteraceae","Scalesia","pedunculata var. pedunculata Hook. f.","lechoso","Santa Cruz","Finca Mario Piu",-0.703302,-90.35403,"Humífero-rocoso",168.78,"Restauración ecológica","Restauración rural",9.55,13.4233215
"225",NA,"2021","Investigador",9762,0,"Control",NA,845,NA,NA,NA,NA,"Bueno",NA,NA,NA,NA,"Húmeda","Asteraceae","Scalesia","pedunculata var. pedunculata Hook. f.","lechoso","Santa Cruz","Finca Mario Piu",-0.70327,-90.353882,"Humífero-rocoso",172.27,"Restauración ecológica","Restauración rural",9.55,13.4233215
"226",NA,"2021","Investigador",9765,0,"Control",NA,685,NA,NA,NA,NA,"Bueno",NA,NA,NA,NA,"Húmeda","Asteraceae","Scalesia","pedunculata var. pedunculata Hook. f.","lechoso","Santa Cruz","Finca Mario Piu",-0.703304,-90.353871,"Humífero-rocoso",176.23,"Restauración ecológica","Restauración rural",9.87,14.1406751
"227",NA,"2021","Investigador",9786,0,"Control",NA,817,NA,NA,NA,NA,"Bueno",NA,NA,NA,NA,"Húmeda","Asteraceae","Scalesia","pedunculata var. pedunculata Hook. f.","lechoso","Santa Cruz","Finca Mario Piu",-0.703457,-90.353805,"Humífero-rocoso",175.11,"Restauración ecológica","Restauración rural",6.37,6.2946201
"228",NA,"2021","Investigador",9796,9768,"Hidrogel",NA,800,NA,NA,NA,NA,"Bueno",NA,NA,NA,NA,"Húmeda","Asteraceae","Scalesia","pedunculata var. pedunculata Hook. f.","lechoso","Santa Cruz","Finca Mario Piu",-0.70335,-90.354057,"Humífero-rocoso",174.4,"Restauración ecológica","Restauración rural",7.96,9.8589708
"229",NA,"2021","Investigador",9798,9792,"Hidrogel",NA,750,NA,NA,NA,NA,"Bueno",NA,NA,NA,NA,"Húmeda","Asteraceae","Scalesia","pedunculata var. pedunculata Hook. f.","lechoso","Santa Cruz","Finca Mario Piu",-0.703341,-90.354152,"Humífero-rocoso",172.47,"Restauración ecológica","Restauración rural",11.14,16.9876722
"230",NA,"2021","Investigador",9806,0,"Control",NA,453,NA,NA,NA,NA,"Bueno",NA,NA,NA,NA,"Húmeda","Asteraceae","Scalesia","pedunculata var. pedunculata Hook. f.","lechoso","Santa Cruz","Finca Mario Piu",-0.703244,-90.354342,"Humífero-rocoso",172.7,"Restauración ecológica","Restauración rural",7.96,9.8589708
"231",NA,"2021","Investigador",9808,9789,"Hidrogel",NA,652,NA,NA,NA,NA,"Bueno",NA,NA,NA,NA,"Húmeda","Asteraceae","Scalesia","pedunculata var. pedunculata Hook. f.","lechoso","Santa Cruz","Finca Mario Piu",-0.703189,-90.354306,"Humífero-rocoso",173.36,"Restauración ecológica","Restauración rural",11.14,16.9876722
"232",NA,"2021","Investigador",9809,9785,"Hidrogel",NA,615,NA,NA,NA,NA,"Bueno",NA,NA,NA,NA,"Húmeda","Asteraceae","Scalesia","pedunculata var. pedunculata Hook. f.","lechoso","Santa Cruz","Finca Mario Piu",-0.703187,-90.354257,"Humífero-rocoso",172.16,"Restauración ecológica","Restauración rural",11.14,16.9876722
"233",NA,"2021","Investigador",232,786,"Waterboxx®",NA,580,NA,NA,NA,NA,"Bueno",NA,NA,NA,NA,"Húmeda","Asteraceae","Scalesia","pedunculata var. pedunculata Hook. f.","lechoso","Floreana","Anibal Sanmiguel",-1.299708,-90.44748,"Humífero",355.88,"Restauración ecológica","Restauración rural",8.28,10.5763244
"234",NA,"2021","Investigador",287,264,"Waterboxx®",NA,860,NA,NA,NA,NA,"Bueno",NA,NA,NA,NA,"Húmeda","Asteraceae","Scalesia","pedunculata var. pedunculata Hook. f.","lechoso","Floreana","Anibal Sanmiguel",-1.299591,-90.44734,"Humífero",354.3,"Restauración ecológica","Restauración rural",13.05,21.2693765
"235",NA,"2021","Investigador",294,277,"Waterboxx®",NA,700,NA,NA,NA,NA,"Bueno",NA,NA,NA,NA,"Húmeda","Asteraceae","Scalesia","pedunculata var. pedunculata Hook. f.","lechoso","Floreana","Anibal Sanmiguel",-1.299562,-90.447384,"Humífero",355.02,"Restauración ecológica","Restauración rural",10.82,16.2703186
"236",NA,"2021","Investigador",296,277,"Waterboxx®",NA,618,NA,NA,NA,NA,"Bueno",NA,NA,NA,NA,"Húmeda","Asteraceae","Scalesia","pedunculata var. pedunculata Hook. f.","lechoso","Floreana","Anibal Sanmiguel",-1.299559,-90.447357,"Humífero",354.48,"Restauración ecológica","Restauración rural",7,7.70691
"237",NA,"2021","Investigador",312,316,"Waterboxx®",NA,800,NA,NA,NA,NA,"Bueno",NA,NA,NA,NA,"Húmeda","Asteraceae","Scalesia","pedunculata var. pedunculata Hook. f.","lechoso","Floreana","Anibal Sanmiguel",-1.299534,-90.447261,"Humífero",354.01,"Restauración ecológica","Restauración rural",12.41,19.8346693
"238",NA,"2021","Investigador",353,243,"Waterboxx®",NA,800,NA,NA,NA,NA,"Bueno",NA,NA,NA,NA,"Húmeda","Asteraceae","Scalesia","pedunculata var. pedunculata Hook. f.","lechoso","Floreana","Anibal Sanmiguel",-1.299451,-90.447305,"Humífero",353.65,"Restauración ecológica","Restauración rural",11.46,17.7050258
"239",NA,"2021","Investigador",364,787,"Waterboxx®",NA,700,NA,NA,NA,NA,"Bueno",NA,NA,NA,NA,"Húmeda","Asteraceae","Scalesia","pedunculata var. pedunculata Hook. f.","lechoso","Floreana","Anibal Sanmiguel",-1.299419,-90.44746,"Humífero",332.27,"Restauración ecológica","Restauración rural",10.5,15.552965
"240",NA,"2021","Investigador",366,789,"Waterboxx®",NA,720,NA,NA,NA,NA,"Bueno",NA,NA,NA,NA,"Húmeda","Asteraceae","Scalesia","pedunculata var. pedunculata Hook. f.","lechoso","Floreana","Anibal Sanmiguel",-1.299418,-90.44738,"Humífero",331.94,"Restauración ecológica","Restauración rural",11.14,16.9876722
"241",NA,"2021","Investigador",367,240,"Waterboxx®",NA,725,NA,NA,NA,NA,"Bueno",NA,NA,NA,NA,"Húmeda","Asteraceae","Scalesia","pedunculata var. pedunculata Hook. f.","lechoso","Floreana","Anibal Sanmiguel",-1.299422,-90.447368,"Humífero",333.84,"Restauración ecológica","Restauración rural",8.59,11.2712607
"242",NA,"2021","Investigador",371,259,"Waterboxx®",NA,792,NA,NA,NA,NA,"Bueno",NA,NA,NA,NA,"Húmeda","Asteraceae","Scalesia","pedunculata var. pedunculata Hook. f.","lechoso","Floreana","Anibal Sanmiguel",-1.299416,-90.447229,"Humífero",335.67,"Restauración ecológica","Restauración rural",6.37,6.2946201
"243",NA,"2021","Investigador",375,275,"Waterboxx®",NA,725,NA,NA,NA,NA,"Bueno",NA,NA,NA,NA,"Húmeda","Asteraceae","Scalesia","pedunculata var. pedunculata Hook. f.","lechoso","Floreana","Anibal Sanmiguel",-1.299426,-90.44715,"Humífero",337.41,"Restauración ecológica","Restauración rural",10.19,14.8580287
"244",NA,"2021","Investigador",376,276,"Waterboxx®",NA,660,NA,NA,NA,NA,"Bueno",NA,NA,NA,NA,"Húmeda","Asteraceae","Scalesia","pedunculata var. pedunculata Hook. f.","lechoso","Floreana","Anibal Sanmiguel",-1.2995,-90.447133,"Humífero",337.73,"Restauración ecológica","Restauración rural",9.87,14.1406751
"245",NA,"2021","Investigador",377,336,"Waterboxx®",NA,665,NA,NA,NA,NA,"Bueno",NA,NA,NA,NA,"Húmeda","Asteraceae","Scalesia","pedunculata var. pedunculata Hook. f.","lechoso","Floreana","Anibal Sanmiguel",-1.299486,-90.447149,"Humífero",338.06,"Restauración ecológica","Restauración rural",8.59,11.2712607
"246",NA,"2021","Investigador",382,315,"Waterboxx®",NA,800,NA,NA,NA,NA,"Bueno",NA,NA,NA,NA,"Húmeda","Asteraceae","Scalesia","pedunculata var. pedunculata Hook. f.","lechoso","Floreana","Anibal Sanmiguel",-1.299472,-90.447267,"Humífero",339.05,"Restauración ecológica","Restauración rural",8.28,10.5763244
"247",NA,"2021","Investigador",383,347,"Waterboxx®",NA,810,NA,NA,NA,NA,"Bueno",NA,NA,NA,NA,"Húmeda","Asteraceae","Scalesia","pedunculata var. pedunculata Hook. f.","lechoso","Floreana","Anibal Sanmiguel",-1.299463,-90.447298,"Humífero",339.18,"Restauración ecológica","Restauración rural",14.01,23.4214373
"248",NA,"2021","Investigador",385,345,"Waterboxx®",NA,800,NA,NA,NA,NA,"Bueno",NA,NA,NA,NA,"Húmeda","Asteraceae","Scalesia","pedunculata var. pedunculata Hook. f.","lechoso","Floreana","Anibal Sanmiguel",-1.299467,-90.44736,"Humífero",339.95,"Restauración ecológica","Restauración rural",12.1,19.139733
"249",NA,"2021","Investigador",387,319,"Waterboxx®",NA,808,NA,NA,NA,NA,"Bueno",NA,NA,NA,NA,"Húmeda","Asteraceae","Scalesia","pedunculata var. pedunculata Hook. f.","lechoso","Floreana","Anibal Sanmiguel",-1.299463,-90.447412,"Humífero",340.53,"Restauración ecológica","Restauración rural",11.46,17.7050258
"250",NA,"2021","Investigador",388,317,"Waterboxx®",NA,660,NA,NA,NA,NA,"Bueno",NA,NA,NA,NA,"Húmeda","Asteraceae","Scalesia","pedunculata var. pedunculata Hook. f.","lechoso","Floreana","Anibal Sanmiguel",-1.299462,-90.447438,"Humífero",340.95,"Restauración ecológica","Restauración rural",14.32,24.1163736
"251",NA,"2021","Investigador",389,241,"Waterboxx®",NA,725,NA,NA,NA,NA,"Bueno",NA,NA,NA,NA,"Húmeda","Asteraceae","Scalesia","pedunculata var. pedunculata Hook. f.","lechoso","Floreana","Anibal Sanmiguel",-1.299452,-90.447467,"Humífero",341.36,"Restauración ecológica","Restauración rural",10.82,16.2703186
"252",NA,"2021","Investigador",392,786,"Waterboxx®",NA,730,NA,NA,NA,NA,"Bueno",NA,NA,NA,NA,"Húmeda","Asteraceae","Scalesia","pedunculata var. pedunculata Hook. f.","lechoso","Floreana","Anibal Sanmiguel",-1.299529,-90.447466,"Humífero",343.2,"Restauración ecológica","Restauración rural",15.28,26.2684344
"253",NA,"2021","Investigador",393,787,"Waterboxx®",NA,715,NA,NA,NA,NA,"Bueno",NA,NA,NA,NA,"Húmeda","Asteraceae","Scalesia","pedunculata var. pedunculata Hook. f.","lechoso","Floreana","Anibal Sanmiguel",-1.29954,-90.447424,"Humífero",343.06,"Restauración ecológica","Restauración rural",6.37,6.2946201
"254",NA,"2021","Investigador",394,788,"Waterboxx®",NA,690,NA,NA,NA,NA,"Bueno",NA,NA,NA,NA,"Húmeda","Asteraceae","Scalesia","pedunculata var. pedunculata Hook. f.","lechoso","Floreana","Anibal Sanmiguel",-1.299543,-90.447398,"Humífero",344.05,"Restauración ecológica","Restauración rural",13.69,22.7040837
"255",NA,"2021","Investigador",395,789,"Waterboxx®",NA,805,NA,NA,NA,NA,"Bueno",NA,NA,NA,NA,"Húmeda","Asteraceae","Scalesia","pedunculata var. pedunculata Hook. f.","lechoso","Floreana","Anibal Sanmiguel",-1.299538,-90.447354,"Humífero",343.6,"Restauración ecológica","Restauración rural",10.19,14.8580287
"256",NA,"2021","Investigador",399,251,"Waterboxx®",NA,850,NA,NA,NA,NA,"Bueno",NA,NA,NA,NA,"Húmeda","Asteraceae","Scalesia","pedunculata var. pedunculata Hook. f.","lechoso","Floreana","Anibal Sanmiguel",-1.299538,-90.447248,"Humífero",344.46,"Restauración ecológica","Restauración rural",15.28,26.2684344
"257",NA,"2021","Investigador",401,259,"Waterboxx®",NA,805,NA,NA,NA,NA,"Bueno",NA,NA,NA,NA,"Húmeda","Asteraceae","Scalesia","pedunculata var. pedunculata Hook. f.","lechoso","Floreana","Anibal Sanmiguel",-1.299587,-90.447322,"Humífero",344.63,"Restauración ecológica","Restauración rural",9.55,13.4233215
"258",NA,"2021","Investigador",403,264,"Waterboxx®",NA,850,NA,NA,NA,NA,"Bueno",NA,NA,NA,NA,"Húmeda","Asteraceae","Scalesia","pedunculata var. pedunculata Hook. f.","lechoso","Floreana","Anibal Sanmiguel",-1.299591,-90.447376,"Humífero",344.32,"Restauración ecológica","Restauración rural",8.59,11.2712607
"259",NA,"2021","Investigador",404,274,"Waterboxx®",NA,850,NA,NA,NA,NA,"Bueno",NA,NA,NA,NA,"Húmeda","Asteraceae","Scalesia","pedunculata var. pedunculata Hook. f.","lechoso","Floreana","Anibal Sanmiguel",-1.299585,-90.447403,"Humífero",344.96,"Restauración ecológica","Restauración rural",9.23,12.7059679
"260",NA,"2021","Investigador",408,336,"Waterboxx®",NA,795,NA,NA,NA,NA,"Bueno",NA,NA,NA,NA,"Húmeda","Asteraceae","Scalesia","pedunculata var. pedunculata Hook. f.","lechoso","Floreana","Anibal Sanmiguel",-1.299614,-90.447386,"Humífero",346.22,"Restauración ecológica","Restauración rural",12.73,20.5520229
"261",NA,"2021","Investigador",415,316,"Waterboxx®",NA,620,NA,NA,NA,NA,"Bueno",NA,NA,NA,NA,"Húmeda","Asteraceae","Scalesia","pedunculata var. pedunculata Hook. f.","lechoso","Floreana","Anibal Sanmiguel",-1.297949,-90.447112,"Humífero",339.2,"Restauración ecológica","Restauración rural",10.5,15.552965
"262",NA,"2021","Investigador",416,315,"Waterboxx®",NA,655,NA,NA,NA,NA,"Bueno",NA,NA,NA,NA,"Húmeda","Asteraceae","Scalesia","pedunculata var. pedunculata Hook. f.","lechoso","Floreana","Anibal Sanmiguel",-1.297942,-90.44714,"Humífero",338.97,"Restauración ecológica","Restauración rural",19.1,34.831843
"263",NA,"2021","Investigador",418,346,"Waterboxx®",NA,555,NA,NA,NA,NA,"Bueno",NA,NA,NA,NA,"Húmeda","Asteraceae","Scalesia","pedunculata var. pedunculata Hook. f.","lechoso","Floreana","Anibal Sanmiguel",-1.297927,-90.447193,"Humífero",339.57,"Restauración ecológica","Restauración rural",11.14,16.9876722
"264",NA,"2021","Investigador",419,345,"Waterboxx®",NA,655,NA,NA,NA,NA,"Bueno",NA,NA,NA,NA,"Húmeda","Asteraceae","Scalesia","pedunculata var. pedunculata Hook. f.","lechoso","Floreana","Anibal Sanmiguel",-1.297928,-90.447222,"Humífero",339.27,"Restauración ecológica","Restauración rural",12.1,19.139733
"265",NA,"2021","Investigador",420,344,"Waterboxx®",NA,680,NA,NA,NA,NA,"Bueno",NA,NA,NA,NA,"Húmeda","Asteraceae","Scalesia","pedunculata var. pedunculata Hook. f.","lechoso","Floreana","Anibal Sanmiguel",-1.297918,-90.447244,"Humífero",339.27,"Restauración ecológica","Restauración rural",9.87,14.1406751
"266",NA,"2021","Investigador",423,319,"Waterboxx®",NA,700,NA,NA,NA,NA,"Bueno",NA,NA,NA,NA,"Húmeda","Asteraceae","Scalesia","pedunculata var. pedunculata Hook. f.","lechoso","Floreana","Anibal Sanmiguel",-1.297892,-90.447058,"Humífero",352.4,"Restauración ecológica","Restauración rural",16.55,29.1154315
"267",NA,"2021","Investigador",473,787,"Waterboxx®",NA,590,NA,NA,NA,NA,"Bueno",NA,NA,NA,NA,"Húmeda","Asteraceae","Scalesia","pedunculata var. pedunculata Hook. f.","lechoso","Floreana","Anibal Sanmiguel",-1.297951,-90.446911,"Humífero",358.18,"Restauración ecológica","Restauración rural",10.82,16.2703186
"268",NA,"2021","Investigador",477,242,"Waterboxx®",NA,900,NA,NA,NA,NA,"Bueno",NA,NA,NA,NA,"Húmeda","Asteraceae","Scalesia","pedunculata var. pedunculata Hook. f.","lechoso","Floreana","Anibal Sanmiguel",-1.297947,-90.447015,"Humífero",356.81,"Restauración ecológica","Restauración rural",14.32,24.1163736
"269",NA,"2021","Investigador",479,251,"Waterboxx®",NA,810,NA,NA,NA,NA,"Bueno",NA,NA,NA,NA,"Húmeda","Asteraceae","Scalesia","pedunculata var. pedunculata Hook. f.","lechoso","Floreana","Anibal Sanmiguel",-1.297945,-90.447039,"Humífero",356.85,"Restauración ecológica","Restauración rural",10.82,16.2703186
"270",NA,"2021","Investigador",480,259,"Waterboxx®",NA,810,NA,NA,NA,NA,"Bueno",NA,NA,NA,NA,"Húmeda","Asteraceae","Scalesia","pedunculata var. pedunculata Hook. f.","lechoso","Floreana","Anibal Sanmiguel",-1.297937,-90.447063,"Humífero",355.94,"Restauración ecológica","Restauración rural",12.1,19.139733
"271",NA,"2021","Investigador",482,264,"Waterboxx®",NA,855,NA,NA,NA,NA,"Bueno",NA,NA,NA,NA,"Húmeda","Asteraceae","Scalesia","pedunculata var. pedunculata Hook. f.","lechoso","Floreana","Anibal Sanmiguel",-1.297931,-90.447119,"Humífero",355.35,"Restauración ecológica","Restauración rural",12.73,20.5520229
"272",NA,"2021","Investigador",484,275,"Waterboxx®",NA,755,NA,NA,NA,NA,"Bueno",NA,NA,NA,NA,"Húmeda","Asteraceae","Scalesia","pedunculata var. pedunculata Hook. f.","lechoso","Floreana","Anibal Sanmiguel",-1.297922,-90.447175,"Humífero",354.23,"Restauración ecológica","Restauración rural",14.64,24.8337272
"273",NA,"2021","Investigador",485,276,"Waterboxx®",NA,745,NA,NA,NA,NA,"Bueno",NA,NA,NA,NA,"Húmeda","Asteraceae","Scalesia","pedunculata var. pedunculata Hook. f.","lechoso","Floreana","Anibal Sanmiguel",-1.29792,-90.447201,"Humífero",354.07,"Restauración ecológica","Restauración rural",13.37,21.9867301
"274",NA,"2021","Investigador",489,332,"Waterboxx®",NA,625,NA,NA,NA,NA,"Bueno",NA,NA,NA,NA,"Húmeda","Asteraceae","Scalesia","pedunculata var. pedunculata Hook. f.","lechoso","Floreana","Anibal Sanmiguel",-1.297948,-90.447199,"Humífero",353.82,"Restauración ecológica","Restauración rural",10.19,14.8580287
"275",NA,"2021","Investigador",522,315,"Waterboxx®",NA,530,NA,NA,NA,NA,"Bueno",NA,NA,NA,NA,"Húmeda","Asteraceae","Scalesia","pedunculata var. pedunculata Hook. f.","lechoso","Floreana","Anibal Sanmiguel",-1.298,-90.447211,"Humífero",355.39,"Restauración ecológica","Restauración rural",14.32,24.1163736
"276",NA,"2021","Investigador",525,345,"Waterboxx®",NA,645,NA,NA,NA,NA,"Bueno",NA,NA,NA,NA,"Húmeda","Asteraceae","Scalesia","pedunculata var. pedunculata Hook. f.","lechoso","Floreana","Anibal Sanmiguel",-1.298019,-90.447143,"Humífero",355.76,"Restauración ecológica","Restauración rural",13.37,21.9867301
"277",NA,"2021","Investigador",528,317,"Waterboxx®",NA,785,NA,NA,NA,NA,"Bueno",NA,NA,NA,NA,"Húmeda","Asteraceae","Scalesia","pedunculata var. pedunculata Hook. f.","lechoso","Floreana","Anibal Sanmiguel",-1.298027,-90.447094,"Humífero",355.56,"Restauración ecológica","Restauración rural",11.46,17.7050258
"278",NA,"2021","Investigador",9639,9654,"Waterboxx®_Hidrogel",NA,610,NA,NA,NA,NA,"Bueno",NA,NA,NA,NA,"Húmeda","Asteraceae","Scalesia","pedunculata var. pedunculata Hook. f.","lechoso","Santa Cruz","Finca Mario Piu",-0.702461,-90.354467,"Humífero-rocoso",176.88,"Restauración ecológica","Restauración rural",12.73,20.5520229
"279",NA,"2021","Investigador",9655,9812,"Waterboxx®_Hidrogel",NA,562,NA,NA,NA,NA,"Bueno",NA,NA,NA,NA,"Húmeda","Asteraceae","Scalesia","pedunculata var. pedunculata Hook. f.","lechoso","Santa Cruz","Finca Mario Piu",-0.702703,-90.354595,"Humífero-rocoso",170.72,"Restauración ecológica","Restauración rural",9.55,13.4233215
"280",NA,"2021","Investigador",9657,9733,"Waterboxx®_Hidrogel",NA,460,NA,NA,NA,NA,"Bueno",NA,NA,NA,NA,"Húmeda","Asteraceae","Scalesia","pedunculata var. pedunculata Hook. f.","lechoso","Santa Cruz","Finca Mario Piu",-0.702782,-90.354506,"Humífero-rocoso",165.71,"Restauración ecológica","Restauración rural",7.96,9.8589708
"281",NA,"2021","Investigador",9664,9654,"Waterboxx®_Hidrogel",NA,653,NA,NA,NA,NA,"Bueno",NA,NA,NA,NA,"Húmeda","Asteraceae","Scalesia","pedunculata var. pedunculata Hook. f.","lechoso","Santa Cruz","Finca Mario Piu",-0.702967,-90.354537,"Humífero-rocoso",169.91,"Restauración ecológica","Restauración rural",9.55,13.4233215
"282",NA,"2021","Investigador",9677,9680,"Waterboxx®_Hidrogel",NA,760,NA,NA,NA,NA,"Bueno",NA,NA,NA,NA,"Húmeda","Asteraceae","Scalesia","pedunculata var. pedunculata Hook. f.","lechoso","Santa Cruz","Finca Mario Piu",-0.702857,-90.354405,"Humífero-rocoso",172.4,"Restauración ecológica","Restauración rural",13.69,22.7040837
"283",NA,"2021","Investigador",9685,9696,"Waterboxx®_Hidrogel",NA,478,NA,NA,NA,NA,"Bueno",NA,NA,NA,NA,"Húmeda","Asteraceae","Scalesia","pedunculata var. pedunculata Hook. f.","lechoso","Santa Cruz","Finca Mario Piu",-0.702683,-90.354402,"Humífero-rocoso",175.72,"Restauración ecológica","Restauración rural",7.64,9.1416172
"284",NA,"2021","Investigador",9694,9696,"Waterboxx®_Hidrogel",NA,525,NA,NA,NA,NA,"Bueno",NA,NA,NA,NA,"Húmeda","Asteraceae","Scalesia","pedunculata var. pedunculata Hook. f.","lechoso","Santa Cruz","Finca Mario Piu",-0.702638,-90.354223,"Humífero-rocoso",178.41,"Restauración ecológica","Restauración rural",9.55,13.4233215
"285",NA,"2021","Investigador",9706,9654,"Waterboxx®_Hidrogel",NA,534,NA,NA,NA,NA,"Bueno",NA,NA,NA,NA,"Húmeda","Asteraceae","Scalesia","pedunculata var. pedunculata Hook. f.","lechoso","Santa Cruz","Finca Mario Piu",-0.702548,-90.354211,"Humífero-rocoso",178.37,"Restauración ecológica","Restauración rural",9.55,13.4233215
"286",NA,"2021","Investigador",9707,9797,"Waterboxx®_Hidrogel",NA,488,NA,NA,NA,NA,"Bueno",NA,NA,NA,NA,"Húmeda","Asteraceae","Scalesia","pedunculata var. pedunculata Hook. f.","lechoso","Santa Cruz","Finca Mario Piu",-0.702603,-90.354215,"Humífero-rocoso",180.21,"Restauración ecológica","Restauración rural",9.55,13.4233215
"287",NA,"2021","Investigador",9714,9732,"Waterboxx®_Hidrogel",NA,487,NA,NA,NA,NA,"Bueno",NA,NA,NA,NA,"Húmeda","Asteraceae","Scalesia","pedunculata var. pedunculata Hook. f.","lechoso","Santa Cruz","Finca Mario Piu",-0.702806,-90.354166,"Humífero-rocoso",176.6,"Restauración ecológica","Restauración rural",6.37,6.2946201
"288",NA,"2021","Investigador",9731,9732,"Waterboxx®_Hidrogel",NA,745,NA,NA,NA,NA,"Bueno",NA,NA,NA,NA,"Húmeda","Asteraceae","Scalesia","pedunculata var. pedunculata Hook. f.","lechoso","Santa Cruz","Finca Mario Piu",-0.703032,-90.354084,"Humífero-rocoso",169.53,"Restauración ecológica","Restauración rural",7.96,9.8589708
"289",NA,"2021","Investigador",9745,9717,"Waterboxx®_Hidrogel",NA,650,NA,NA,NA,NA,"Bueno",NA,NA,NA,NA,"Húmeda","Asteraceae","Scalesia","pedunculata var. pedunculata Hook. f.","lechoso","Santa Cruz","Finca Mario Piu",-0.702645,-90.353716,"Humífero-rocoso",175.4,"Restauración ecológica","Restauración rural",9.55,13.4233215
"290",NA,"2021","Investigador",9749,9696,"Waterboxx®_Hidrogel",NA,634,NA,NA,NA,NA,"Bueno",NA,NA,NA,NA,"Húmeda","Asteraceae","Scalesia","pedunculata var. pedunculata Hook. f.","lechoso","Santa Cruz","Finca Mario Piu",-0.70275,-90.353631,"Humífero-rocoso",176.07,"Restauración ecológica","Restauración rural",9.55,13.4233215
"291",NA,"2021","Investigador",9775,9819,"Waterboxx®_Hidrogel",NA,700,NA,NA,NA,NA,"Bueno",NA,NA,NA,NA,"Húmeda","Asteraceae","Scalesia","pedunculata var. pedunculata Hook. f.","lechoso","Santa Cruz","Finca Mario Piu",-0.703244,-90.353844,"Humífero-rocoso",177.53,"Restauración ecológica","Restauración rural",9.55,13.4233215
"292",NA,"2021","Investigador",9795,9792,"Waterboxx®_Hidrogel",NA,830,NA,NA,NA,NA,"Bueno",NA,NA,NA,NA,"Húmeda","Asteraceae","Scalesia","pedunculata var. pedunculata Hook. f.","lechoso","Santa Cruz","Finca Mario Piu",-0.703415,-90.354082,"Humífero-rocoso",173.08,"Restauración ecológica","Restauración rural",9.55,13.4233215
"293",NA,"2021","Investigador",9807,9736,"Waterboxx®_Hidrogel",NA,630,NA,NA,NA,NA,"Bueno",NA,NA,NA,NA,"Húmeda","Asteraceae","Scalesia","pedunculata var. pedunculata Hook. f.","lechoso","Santa Cruz","Finca Mario Piu",-0.703218,-90.354331,"Humífero-rocoso",173.29,"Restauración ecológica","Restauración rural",8.91,11.9886143
"294",NA,"2021","Investigador",9817,9812,"Waterboxx®_Hidrogel",NA,586,NA,NA,NA,NA,"Bueno",NA,NA,NA,NA,"Húmeda","Asteraceae","Scalesia","pedunculata var. pedunculata Hook. f.","lechoso","Santa Cruz","Finca Mario Piu",-0.702974,-90.354414,"Humífero-rocoso",174.47,"Restauración ecológica","Restauración rural",12.73,20.5520229
"295",NA,"20/08/2022","Paúl Mayorga",12001,11953,"Cocoon_Hidrogel",NA,92,NA,NA,NA,NA,"Bueno",NA,NA,NA,NA,"Húmeda","Asteraceae","Scalesia","pedunculata var. pedunculata Hook. f.","lechoso","San Cristobal","Finca las Colinas",-0.88909,-89.478508,"Rocoso-arcilloso",590.12,"Restauración ecológica","Restauración rural",4.77,2.7078521
"296",NA,"20/08/2022","Paúl Mayorga",12000,11953,"Cocoon_Hidrogel",NA,93,NA,NA,NA,NA,"Bueno",NA,NA,NA,NA,"Húmeda","Asteraceae","Scalesia","pedunculata var. pedunculata Hook. f.","lechoso","San Cristobal","Finca las Colinas",-0.88909,-89.478508,"Rocoso-arcilloso",590.12,"Restauración ecológica","Restauración rural",3.82,0.578208599999999
"297",NA,"20/08/2022","Paúl Mayorga",12009,11953,"Waterboxx®",NA,130,NA,NA,NA,NA,"Bueno",NA,NA,NA,NA,"Húmeda","Asteraceae","Scalesia","pedunculata var. pedunculata Hook. f.","lechoso","San Cristobal","Finca las Colinas",-0.88909,-89.478508,"Rocoso-arcilloso",590.12,"Restauración ecológica","Restauración rural",3.18,-0.856498599999999
"298",NA,"20/08/2022","Paúl Mayorga",12056,11953,"Cocoon_Hidrogel",NA,132,NA,NA,NA,NA,"Bueno",NA,NA,NA,NA,"Húmeda","Asteraceae","Scalesia","pedunculata var. pedunculata Hook. f.","lechoso","San Cristobal","Finca las Colinas",-0.88909,-89.478508,"Rocoso-arcilloso",590.12,"Restauración ecológica","Restauración rural",4.46,2.0129158
"299",NA,"20/08/2022","Paúl Mayorga",12026,11953,"Cocoon_Hidrogel",NA,79,NA,NA,NA,NA,"Bueno",NA,NA,NA,NA,"Húmeda","Asteraceae","Scalesia","pedunculata var. pedunculata Hook. f.","lechoso","San Cristobal","Finca las Colinas",-0.88909,-89.478508,"Rocoso-arcilloso",590.12,"Restauración ecológica","Restauración rural",2.55,-2.2687885
"300",NA,"20/08/2022","Paúl Mayorga",12037,11953,"Hidrogel",NA,113,NA,NA,NA,NA,"Bueno",NA,NA,NA,NA,"Húmeda","Asteraceae","Scalesia","pedunculata var. pedunculata Hook. f.","lechoso","San Cristobal","Finca las Colinas",-0.88909,-89.478508,"Rocoso-arcilloso",590.12,"Restauración ecológica","Restauración rural",5.09,3.4252057
"301",NA,"20/08/2022","Paúl Mayorga",11967,11959,"Waterboxx®",NA,190,NA,NA,NA,NA,"Bueno",NA,NA,NA,NA,"Transición","Asteraceae","Scalesia","pedunculata var. pedunculata Hook. f.","lechoso","San Cristobal","Finca el Trinar",-0.916904,-89.458033,"Rocoso-arcilloso",189.5,"Restauración ecológica","Restauración rural",3.18,-0.856498599999999
