Codigo,Fecha,Personal,Equipo de Medida,Distancia,Angulo superior,Angulo inferior,Altura 1 (cm),Altura 2 (cm),Altura total (cm),Circunferencia Pecho (cm),DAP,Circunferencia Base (cm),DAB,Estado,Observaciones,Isla,Sitio específico,Latitud,Longitud,Altitud,
13050,21/6/2020,David Cárdenas,Metro,,,,,,188,8,2.546479619,14,4.456339334,Bueno,,Santa Cruz,Rancho Terramar,-0.638599,-90.428896,415.77,
232,1/1/2021,Investigador,Metro,,,,,,580,26,8.276037688,,,Bueno,,Floreana,Anibal Sanmiguel,-1.299708,-90.44748,355.88,
259,1/1/2021,Investigador,Metro,,,,,,510,28,8.912655971,,,Bueno,,Floreana,Anibal Sanmiguel,-1.299638,-90.447358,354.79,
287,1/1/2021,Investigador,Metro,,,,,,860,41,13.05067482,,,Bueno,,Floreana,Anibal Sanmiguel,-1.299591,-90.44734,354.3,
294,1/1/2021,Investigador,Metro,,,,,,700,34,10.82251082,,,Bueno,,Floreana,Anibal Sanmiguel,-1.299562,-90.447384,355.02,
296,1/1/2021,Investigador,Metro,,,,,,618,22,7.00280112,,,Bueno,,Floreana,Anibal Sanmiguel,-1.299559,-90.447357,354.48,
312,1/1/2021,Investigador,Metro,,,,,,800,39,12.41405653,,,Bueno,,Floreana,Anibal Sanmiguel,-1.299534,-90.447261,354.01,
315,1/1/2021,Investigador,Metro,,,,,,705,35,11.14081996,,,Bueno,,Floreana,Anibal Sanmiguel,-1.299529,-90.447317,353.96,
318,1/1/2021,Investigador,Metro,,,,,,715,32,10.18589254,,,Bueno,,Floreana,Anibal Sanmiguel,-1.299542,-90.4474,353.68,
347,1/1/2021,Investigador,Metro,,,,,,850,46,14.64222052,,,Bueno,,Floreana,Anibal Sanmiguel,-1.299466,-90.447454,354.79,
353,1/1/2021,Investigador,Metro,,,,,,800,36,11.45912911,,,Bueno,,Floreana,Anibal Sanmiguel,-1.299451,-90.447305,353.65,
364,1/1/2021,Investigador,Metro,,,,,,700,33,10.50420168,,,Bueno,,Floreana,Anibal Sanmiguel,-1.299419,-90.44746,332.27,
366,1/1/2021,Investigador,Metro,,,,,,720,35,11.14081996,,,Bueno,,Floreana,Anibal Sanmiguel,-1.299418,-90.44738,331.94,
367,1/1/2021,Investigador,Metro,,,,,,725,27,8.59434683,,,Bueno,,Floreana,Anibal Sanmiguel,-1.299422,-90.447368,333.84,
371,1/1/2021,Investigador,Metro,,,,,,792,20,6.366182837,,,Bueno,,Floreana,Anibal Sanmiguel,-1.299416,-90.447229,335.67,
375,1/1/2021,Investigador,Metro,,,,,,725,32,10.18589254,,,Bueno,,Floreana,Anibal Sanmiguel,-1.299426,-90.44715,337.41,
376,1/1/2021,Investigador,Metro,,,,,,660,31,9.867583397,,,Bueno,,Floreana,Anibal Sanmiguel,-1.2995,-90.447133,337.73,
377,1/1/2021,Investigador,Metro,,,,,,665,27,8.59434683,,,Bueno,,Floreana,Anibal Sanmiguel,-1.299486,-90.447149,338.06,
382,1/1/2021,Investigador,Metro,,,,,,800,26,8.276037688,,,Bueno,,Floreana,Anibal Sanmiguel,-1.299472,-90.447267,339.05,
383,1/1/2021,Investigador,Metro,,,,,,810,44,14.00560224,,,Bueno,,Floreana,Anibal Sanmiguel,-1.299463,-90.447298,339.18,
385,1/1/2021,Investigador,Metro,,,,,,800,38,12.09574739,,,Bueno,,Floreana,Anibal Sanmiguel,-1.299467,-90.44736,339.95,
387,1/1/2021,Investigador,Metro,,,,,,808,36,11.45912911,,,Bueno,,Floreana,Anibal Sanmiguel,-1.299463,-90.447412,340.53,
388,1/1/2021,Investigador,Metro,,,,,,660,45,14.32391138,,,Bueno,,Floreana,Anibal Sanmiguel,-1.299462,-90.447438,340.95,
389,1/1/2021,Investigador,Metro,,,,,,725,34,10.82251082,,,Bueno,,Floreana,Anibal Sanmiguel,-1.299452,-90.447467,341.36,
392,1/1/2021,Investigador,Metro,,,,,,730,48,15.27883881,,,Bueno,,Floreana,Anibal Sanmiguel,-1.299529,-90.447466,343.2,
393,1/1/2021,Investigador,Metro,,,,,,715,20,6.366182837,,,Bueno,,Floreana,Anibal Sanmiguel,-1.29954,-90.447424,343.06,
394,1/1/2021,Investigador,Metro,,,,,,690,43,13.6872931,,,Bueno,,Floreana,Anibal Sanmiguel,-1.299543,-90.447398,344.05,
395,1/1/2021,Investigador,Metro,,,,,,805,32,10.18589254,,,Bueno,,Floreana,Anibal Sanmiguel,-1.299538,-90.447354,343.6,
399,1/1/2021,Investigador,Metro,,,,,,850,48,15.27883881,,,Bueno,,Floreana,Anibal Sanmiguel,-1.299538,-90.447248,344.46,
401,1/1/2021,Investigador,Metro,,,,,,805,30,9.549274255,,,Bueno,,Floreana,Anibal Sanmiguel,-1.299587,-90.447322,344.63,
403,1/1/2021,Investigador,Metro,,,,,,850,27,8.59434683,,,Bueno,,Floreana,Anibal Sanmiguel,-1.299591,-90.447376,344.32,
404,1/1/2021,Investigador,Metro,,,,,,850,29,9.230965113,,,Bueno,,Floreana,Anibal Sanmiguel,-1.299585,-90.447403,344.96,
408,1/1/2021,Investigador,Metro,,,,,,795,40,12.73236567,,,Bueno,,Floreana,Anibal Sanmiguel,-1.299614,-90.447386,346.22,
415,1/1/2021,Investigador,Metro,,,,,,620,33,10.50420168,,,Bueno,,Floreana,Anibal Sanmiguel,-1.297949,-90.447112,339.2,
416,1/1/2021,Investigador,Metro,,,,,,655,60,19.09854851,,,Bueno,,Floreana,Anibal Sanmiguel,-1.297942,-90.44714,338.97,
418,1/1/2021,Investigador,Metro,,,,,,555,35,11.14081996,,,Bueno,,Floreana,Anibal Sanmiguel,-1.297927,-90.447193,339.57,
419,1/1/2021,Investigador,Metro,,,,,,655,38,12.09574739,,,Bueno,,Floreana,Anibal Sanmiguel,-1.297928,-90.447222,339.27,
420,1/1/2021,Investigador,Metro,,,,,,680,31,9.867583397,,,Bueno,,Floreana,Anibal Sanmiguel,-1.297918,-90.447244,339.27,
423,1/1/2021,Investigador,Metro,,,,,,700,52,16.55207538,,,Bueno,,Floreana,Anibal Sanmiguel,-1.297892,-90.447058,352.4,
473,1/1/2021,Investigador,Metro,,,,,,590,34,10.82251082,,,Bueno,,Floreana,Anibal Sanmiguel,-1.297951,-90.446911,358.18,
477,1/1/2021,Investigador,Metro,,,,,,900,45,14.32391138,,,Bueno,,Floreana,Anibal Sanmiguel,-1.297947,-90.447015,356.81,
479,1/1/2021,Investigador,Metro,,,,,,810,34,10.82251082,,,Bueno,,Floreana,Anibal Sanmiguel,-1.297945,-90.447039,356.85,
480,1/1/2021,Investigador,Metro,,,,,,810,38,12.09574739,,,Bueno,,Floreana,Anibal Sanmiguel,-1.297937,-90.447063,355.94,
482,1/1/2021,Investigador,Metro,,,,,,855,40,12.73236567,,,Bueno,,Floreana,Anibal Sanmiguel,-1.297931,-90.447119,355.35,
484,1/1/2021,Investigador,Metro,,,,,,755,46,14.64222052,,,Bueno,,Floreana,Anibal Sanmiguel,-1.297922,-90.447175,354.23,
485,1/1/2021,Investigador,Metro,,,,,,745,42,13.36898396,,,Bueno,,Floreana,Anibal Sanmiguel,-1.29792,-90.447201,354.07,
489,1/1/2021,Investigador,Metro,,,,,,625,32,10.18589254,,,Bueno,,Floreana,Anibal Sanmiguel,-1.297948,-90.447199,353.82,
522,1/1/2021,Investigador,Metro,,,,,,530,45,14.32391138,,,Bueno,,Floreana,Anibal Sanmiguel,-1.298,-90.447211,355.39,
525,1/1/2021,Investigador,Metro,,,,,,645,42,13.36898396,,,Bueno,,Floreana,Anibal Sanmiguel,-1.298019,-90.447143,355.76,
528,1/1/2021,Investigador,Metro,,,,,,785,36,11.45912911,,,Bueno,,Floreana,Anibal Sanmiguel,-1.298027,-90.447094,355.56,
9639,1/1/2021,Investigador,Metro,,,,,,610,40,12.73236567,,,Bueno,,Santa Cruz,Finca Mario Piu,-0.702461,-90.354467,176.88,
9646,1/1/2021,Investigador,Metro,,,,,,605,30,9.549274255,,,Bueno,,Santa Cruz,Finca Mario Piu,-0.702564,-90.35446,172.77,
9654,1/1/2021,Investigador,Metro,,,,,,581,36,11.45912911,,,Bueno,,Santa Cruz,Finca Mario Piu,-0.702683,-90.354555,171.15,
9655,1/1/2021,Investigador,Metro,,,,,,562,30,9.549274255,,,Bueno,,Santa Cruz,Finca Mario Piu,-0.702703,-90.354595,170.72,
9657,1/1/2021,Investigador,Metro,,,,,,460,25,7.957728546,,,Bueno,,Santa Cruz,Finca Mario Piu,-0.702782,-90.354506,165.71,
9664,1/1/2021,Investigador,Metro,,,,,,653,30,9.549274255,,,Bueno,,Santa Cruz,Finca Mario Piu,-0.702967,-90.354537,169.91,
9677,1/1/2021,Investigador,Metro,,,,,,760,43,13.6872931,,,Bueno,,Santa Cruz,Finca Mario Piu,-0.702857,-90.354405,172.4,
9680,1/1/2021,Investigador,Metro,,,,,,606,30,9.549274255,,,Bueno,,Santa Cruz,Finca Mario Piu,-0.702956,-90.354371,172.99,
9685,1/1/2021,Investigador,Metro,,,,,,478,24,7.639419404,,,Bueno,,Santa Cruz,Finca Mario Piu,-0.702683,-90.354402,175.72,
9694,1/1/2021,Investigador,Metro,,,,,,525,30,9.549274255,,,Bueno,,Santa Cruz,Finca Mario Piu,-0.702638,-90.354223,178.41,
9696,1/1/2021,Investigador,Metro,,,,,,545,30,9.549274255,,,Bueno,,Santa Cruz,Finca Mario Piu,-0.70258,-90.354189,178.34,
9700,1/1/2021,Investigador,Metro,,,,,,500,31,9.867583397,,,Bueno,,Santa Cruz,Finca Mario Piu,-0.702503,-90.354344,176.95,
9706,1/1/2021,Investigador,Metro,,,,,,534,30,9.549274255,,,Bueno,,Santa Cruz,Finca Mario Piu,-0.702548,-90.354211,178.37,
9707,1/1/2021,Investigador,Metro,,,,,,488,30,9.549274255,,,Bueno,,Santa Cruz,Finca Mario Piu,-0.702603,-90.354215,180.21,
9714,1/1/2021,Investigador,Metro,,,,,,487,20,6.366182837,,,Bueno,,Santa Cruz,Finca Mario Piu,-0.702806,-90.354166,176.6,
9728,1/1/2021,Investigador,Metro,,,,,,550,25,7.957728546,,,Bueno,,Santa Cruz,Finca Mario Piu,-0.70294,-90.354166,171.82,
9731,1/1/2021,Investigador,Metro,,,,,,745,25,7.957728546,,,Bueno,,Santa Cruz,Finca Mario Piu,-0.703032,-90.354084,169.53,
9736,1/1/2021,Investigador,Metro,,,,,,658,35,11.14081996,,,Bueno,,Santa Cruz,Finca Mario Piu,-0.702861,-90.35411,176.55,
9745,1/1/2021,Investigador,Metro,,,,,,650,30,9.549274255,,,Bueno,,Santa Cruz,Finca Mario Piu,-0.702645,-90.353716,175.4,
9749,1/1/2021,Investigador,Metro,,,,,,634,30,9.549274255,,,Bueno,,Santa Cruz,Finca Mario Piu,-0.70275,-90.353631,176.07,
9758,1/1/2021,Investigador,Metro,,,,,,850,27,8.59434683,,,Bueno,,Santa Cruz,Finca Mario Piu,-0.703308,-90.354054,168.4,
9759,1/1/2021,Investigador,Metro,,,,,,760,30,9.549274255,,,Bueno,,Santa Cruz,Finca Mario Piu,-0.703302,-90.35403,168.78,
9762,1/1/2021,Investigador,Metro,,,,,,845,30,9.549274255,,,Bueno,,Santa Cruz,Finca Mario Piu,-0.70327,-90.353882,172.27,
9765,1/1/2021,Investigador,Metro,,,,,,685,31,9.867583397,,,Bueno,,Santa Cruz,Finca Mario Piu,-0.703304,-90.353871,176.23,
9775,1/1/2021,Investigador,Metro,,,,,,700,30,9.549274255,,,Bueno,,Santa Cruz,Finca Mario Piu,-0.703244,-90.353844,177.53,
9786,1/1/2021,Investigador,Metro,,,,,,817,20,6.366182837,,,Bueno,,Santa Cruz,Finca Mario Piu,-0.703457,-90.353805,175.11,
9795,1/1/2021,Investigador,Metro,,,,,,830,30,9.549274255,,,Bueno,,Santa Cruz,Finca Mario Piu,-0.703415,-90.354082,173.08,
9796,1/1/2021,Investigador,Metro,,,,,,800,25,7.957728546,,,Bueno,,Santa Cruz,Finca Mario Piu,-0.70335,-90.354057,174.4,
9798,1/1/2021,Investigador,Metro,,,,,,750,35,11.14081996,,,Bueno,,Santa Cruz,Finca Mario Piu,-0.703341,-90.354152,172.47,
9806,1/1/2021,Investigador,Metro,,,,,,453,25,7.957728546,,,Bueno,,Santa Cruz,Finca Mario Piu,-0.703244,-90.354342,172.7,
9807,1/1/2021,Investigador,Metro,,,,,,630,28,8.912655971,,,Bueno,,Santa Cruz,Finca Mario Piu,-0.703218,-90.354331,173.29,
9808,1/1/2021,Investigador,Metro,,,,,,652,35,11.14081996,,,Bueno,,Santa Cruz,Finca Mario Piu,-0.703189,-90.354306,173.36,
9809,1/1/2021,Investigador,Metro,,,,,,615,35,11.14081996,,,Bueno,,Santa Cruz,Finca Mario Piu,-0.703187,-90.354257,172.16,
9817,1/1/2021,Investigador,Metro,,,,,,586,40,12.73236567,,,Bueno,,Santa Cruz,Finca Mario Piu,-0.702974,-90.354414,174.47,
14316,29/4/2022,Pavel Enriqez,-,,,,,,0,0,0,0,0,muerto, sin ramas ni hojas,Santa Cruz,Finca Mario Piu,-0.703258,-90.355538,174.37,
9796,29/4/2022,Pavel Enriqez,Clinómetro,240,70.8,41.3,689.2,140,829.2,56,12.60442843,53,16.87042748,Bueno,2 ramas ( 28 / 28),Santa Cruz,Finca Mario Piu,-0.70335,-90.354057,174.4,
9722,29/4/2022,Pavel Enriqez,Clinómetro,260,70.4,56.2,730.2,160,890.16,52,11.7127658,60,19.09859714,Bueno,2 ramas (27 / 25),Santa Cruz,Finca Mario Piu,-0.703023,-90.354196,173.28,
9745,29/4/2022,Pavel Enriqez,Clinómetro,317,45.2,34.5,319.2,220,539.2,68,15.31199592,64,20.37183695,Bueno,2 ramas (33/35),Santa Cruz,Finca Mario Piu,-0.702645,-90.353716,175.4,
14358,29/4/2022,Pavel Enriqez,Metro,,,,,,367,28.5,6.415740866,23,7.321128905,Bueno,"2 ramas: 14, 14.5",Santa Cruz,Finca Mario Piu,-0.703206,-90.354732,175.86,
9714,29/4/2022,Pavel Enriqez,Metro,,,,0,0,529,45.5,10.24666173,36,11.45915829,Bueno,"2 ramas: 22, 23.5",Santa Cruz,Finca Mario Piu,-0.702806,-90.354166,176.6,
9776,29/4/2022,Pavel Enriqez,Clinómetro,400,50.8,24.5,490.45,213,703.45,47.4,10.66960304,45.5,14.48310283,Bueno,"2 ramas: 23.4, 24",Santa Cruz,Finca Mario Piu,-0.703202,-90.353881,180.33,
9771,29/4/2022,Pavel Enriqez,Clinómetro,400,64.1,24.2,823.77,206,1029.77,54.3,12.29867184,51.5,16.39296255,Bueno,"2 ramas: 24.1, 30.2",Santa Cruz,Finca Mario Piu,-0.703067,-90.353707,179.28,
9767,29/4/2022,Pavel Enriqez,Clinómetro,370,63.3,24.3,735.66,168,903.66,38.5,8.958769402,39.2,12.47775013,Bueno,"2 ramas: 24.3, 14.2",Santa Cruz,Finca Mario Piu,-0.702807,-90.353955,169.02,
9688,29/4/2022,Pavel Enriqez,Clinómetro,500,49.5,19.7,585.42,188,773.42,57.4,13.09163326,60.5,19.25775212,Bueno,"2 ramas: 24, 33.4",Santa Cruz,Finca Mario Piu,-0.702795,-90.354275,174.08,
9728,29/4/2022,Pavel Enriqez,Clinómetro,500,46.4,18.2,525.05,182,707.05,47.4,10.74832143,41,13.05070805,Bueno,"2 ramas: 26.6, 20.8",Santa Cruz,Finca Mario Piu,-0.70294,-90.354166,171.82,
9652,29/4/2022,Pavel Enriqez,Metro,,,,,,589,49,11.04952607,44,14.00563791,Bueno,"2 ramas: 26,23",Santa Cruz,Finca Mario Piu,-0.702637,-90.354604,170.26,
9768,29/4/2022,Pavel Enriqez,Clinómetro,500,62.11,16.1,944.73,153,1097.73,73.5,14.45158433,58,18.46197724,Bueno,"2 ramas: 27, 36.5",Santa Cruz,Finca Mario Piu,-0.702849,-90.353909,173.18,
9710,29/4/2022,Pavel Enriqez,Clinómetro,500,48.7,17.9,569.14,170,739.14,53.9,12.18179046,42,13.369018,Bueno,"2 ramas: 29.4, 24.5",Santa Cruz,Finca Mario Piu,-0.702672,-90.353987,179.22,
9731,29/4/2022,Pavel Enriqez,Clinómetro,500,57.1,24.3,772.88,204,976.88,56.6,12.74909576,44.5,14.16479288,Bueno,"2 ramas: 29.4, 27.2",Santa Cruz,Finca Mario Piu,-0.703032,-90.354084,169.53,
9759,29/4/2022,Pavel Enriqez,Clinómetro,180,77.5,47.9,811.93,169,980.93,63.6,14.33547013,58.4,18.58930122,Bueno,"2 ramas: 30.1, 33.5",Santa Cruz,Finca Mario Piu,-0.703302,-90.35403,168.78,
9721,29/4/2022,Pavel Enriqez,Clinómetro,340,57.7,33.2,537.83,220,757.83,60,13.53472202,54,17.18873743,Bueno,"2 ramas: 32, 28",Santa Cruz,Finca Mario Piu,-0.703037,-90.354365,174.54,
9680,29/4/2022,Pavel Enriqez,Clinómetro,500,50,16.1,595.88,162,757.88,64.5,13.84648005,52,16.55211753,Bueno,"2 ramas: 33, 31.5",Santa Cruz,Finca Mario Piu,-0.702956,-90.354371,172.99,
9762,29/4/2022,Pavel Enriqez,Clinómetro,500,60.7,17.9,890.99,179,1069.99,53.2,12.58447706,44.4,14.13296189,Bueno,"2 ramas: 35.2, 18",Santa Cruz,Finca Mario Piu,-0.70327,-90.353882,172.27,
9695,29/4/2022,Pavel Enriqez,Clinómetro,500,56.6,16,758.29,1.5,759.79,70.7,15.92010913,67,21.32676681,Bueno,"2 ramas: 36.4, 34.3",Santa Cruz,Finca Mario Piu,-0.702603,-90.354215,180.21,
9758,29/4/2022,Pavel Enriqez,Clinómetro,230,76.9,43,988.4,170,1158.4,84,15.51577044,58,18.46197724,Bueno,3 ramas (30/ 30/ 24),Santa Cruz,Finca Mario Piu,-0.703308,-90.354054,168.4,
9799,29/4/2022,Pavel Enriqez,Metro,,,,,,593,90,16.88543191,64,20.37183695,Bueno,3 ramas(23. 29. 38),Santa Cruz,Finca Mario Piu,-0.703258,-90.354128,172.94,
14333,29/4/2022,Pavel Enriqez,Metro,,,,,,282,35,6.437419057,16,5.092959239,Bueno,"3 ramas: 12, 11, 12",Santa Cruz,Finca Mario Piu,-0.703197,-90.355133,178.67,
9649,29/4/2022,Pavel Enriqez,Metro,,,,0,0,520,52.2,9.696912461,43,13.68732795,Bueno,"3 ramas: 20.2, 18, 14",Santa Cruz,Finca Mario Piu,-0.702605,-90.354477,174.65,
9774,29/4/2022,Pavel Enriqez,Clinómetro,500,35.7,17.2,359.29,233,592.29,70.5,13.05167575,48,15.27887772,Bueno,"3 ramas: 23.5, 20, 27",Santa Cruz,Finca Mario Piu,-0.703181,-90.353806,177.71,
9811,29/4/2022,Pavel Enriqez,Clinómetro,310,60.9,19.6,556.96,120,676.96,71,13.50849554,33,10.50422843,Bueno,"3 ramas: 26, 30, 15",Santa Cruz,Finca Mario Piu,-0.70312,-90.354186,173.56,
9756,29/4/2022,Pavel Enriqez,Clinómetro,480,65,32,1029.36,160,1189.36,86,15.85809502,56,17.82535733,Bueno,"3 ramas: 27, 32, 27",Santa Cruz,Finca Mario Piu,-0.703205,-90.354106,172,
9664,29/4/2022,Pavel Enriqez,Clinómetro,325,66.9,25.1,761.95,120,881.95,89.5,16.45772931,62,19.73521705,Bueno,"3 ramas: 28.5, 30, 31",Santa Cruz,Finca Mario Piu,-0.702967,-90.354537,169.91,
14368,29/4/2022,Pavel Enriqez,Metro,,,,,,277,44,7.10337592,16,5.092959239,Bueno,"4 ramas: 11, 13, 8, 12",Santa Cruz,Finca Mario Piu,-0.702979,-90.355842,171.37,
9660,29/4/2022,Pavel Enriqez,Metro,,,,,,490,70.5,10.49819592,37,11.77746824,Bueno,5 ramas (13.5 / 11.5 / 17 / 8 / 20.5),Santa Cruz,Finca Mario Piu,-0.702766,-90.354599,166.27,
9675,29/4/2022,Pavel Enriqez,Clinómetro,340,52.3,32.5,439.91,180,620,75,10.85525387,44,14.00563791,Bueno,"5 ramas: 17, 17, 17, 14, 10",Santa Cruz,Finca Mario Piu,-0.703117,-90.354406,170.48,
14363,29/4/2022,Pavel Enriqez,Metro,,,,,,95,-,NA,-,NA,Bueno,Plántulas muy jóvenes a esa altura,Santa Cruz,Finca Mario Piu,-0.70304,-90.354754,177.56,
9639,29/4/2022,Pavel Enriqez,Clinómetro,500,50.5,22.4,606.55,159,765.55,45.5,14.48310283,50.2,15.97915961,Bueno,,Santa Cruz,Finca Mario Piu,-0.702461,-90.354467,176.88,
9640,29/4/2022,Pavel Enriqez,Clinómetro,610,56.7,22.1,928.64,160,1088.64,46,14.64225781,61,19.4169071,Bueno,,Santa Cruz,Finca Mario Piu,-0.702459,-90.354411,178.3,
9645,29/4/2022,Pavel Enriqez,Clinómetro,500,43.4,26.8,472.83,258,730.83,40.53,12.90110237,60.45,19.24183662,Bueno,,Santa Cruz,Finca Mario Piu,-0.702542,-90.354475,173.86,
9646,29/4/2022,Pavel Enriqez,Clinómetro,600,45,14.1,600,150,750,49.2,15.66084966,58.3,18.55747023,Bueno,,Santa Cruz,Finca Mario Piu,-0.702564,-90.35446,172.77,
9654,29/4/2022,Pavel Enriqez,Metro,,,,0,0,605,38,12.09577819,45,14.32394786,Bueno,,Santa Cruz,Finca Mario Piu,-0.702683,-90.354555,171.15,
9655,29/4/2022,Pavel Enriqez,Metro,,,,,,610,32,10.18591848,38.5,12.25493317,Bueno,,Santa Cruz,Finca Mario Piu,-0.702703,-90.354595,170.72,
9657,29/4/2022,Pavel Enriqez,Metro,,,,,,482,27,8.594368715,34,10.82253838,Bueno,,Santa Cruz,Finca Mario Piu,-0.702782,-90.354506,165.71,
9666,29/4/2022,Pavel Enriqez,Clinómetro,330,23,22.4,140.1,130,270.08,35,11.14084833,44,14.00563791,Bueno,,Santa Cruz,Finca Mario Piu,-0.703041,-90.3545,167.05,
9677,29/4/2022,Pavel Enriqez,Clinómetro,425,67.4,-,1021,173,1194,50,15.91549762,62,19.73521705,Bueno,,Santa Cruz,Finca Mario Piu,-0.702857,-90.354405,172.4,
9685,29/4/2022,Pavel Enriqez,Metro,,,,0,0,487,24.5,7.798593834,31.7,10.09042549,Bueno,,Santa Cruz,Finca Mario Piu,-0.702683,-90.354402,175.72,
9686,29/4/2022,Pavel Enriqez,Metro,,,,0,0,489,15.5,4.933804262,24.3,7.734931843,Bueno,,Santa Cruz,Finca Mario Piu,-0.702722,-90.354345,174.76,
9694,29/4/2022,Pavel Enriqez,Metro,,,,0,0,535,32,10.18591848,41,13.05070805,Bueno,,Santa Cruz,Finca Mario Piu,-0.702638,-90.354223,178.41,
9696,29/4/2022,Pavel Enriqez,Metro,,,,0,0,605,32,10.18591848,40,12.7323981,Bueno,,Santa Cruz,Finca Mario Piu,-0.70258,-90.354189,178.34,
9700,29/4/2022,Pavel Enriqez,Clinómetro,285,79.9,36.8,1600,130,1730,43,13.68732795,43,13.68732795,Bueno,,Santa Cruz,Finca Mario Piu,-0.702503,-90.354344,176.95,
9707,29/4/2022,Pavel Enriqez,Metro,,,,0,0,512,32.5,10.34507345,36.5,11.61831326,Bueno,,Santa Cruz,Finca Mario Piu,-0.702603,-90.354215,180.21,
9717,29/4/2022,Pavel Enriqez,Metro,,,,,,560,35,11.14084833,47,14.96056776,Bueno,,Santa Cruz,Finca Mario Piu,-0.702876,-90.354281,173.44,
9719,29/4/2022,Pavel Enriqez,Clinómetro,500,51.2,24.8,621.87,258,879.87,28.1,8.944509663,35.4,11.26817232,Bueno,,Santa Cruz,Finca Mario Piu,-0.702839,-90.35429,175.3,
9734,29/4/2022,Pavel Enriqez,Clinómetro,500,52,21.2,639.97,197,836.97,33.7,10.7270454,45.7,14.54676482,Bueno,,Santa Cruz,Finca Mario Piu,-0.702949,-90.353965,174.6,
9736,29/4/2022,Pavel Enriqez,Metro,,,,,,699,39,12.41408814,46,14.64225781,Bueno,,Santa Cruz,Finca Mario Piu,-0.702861,-90.35411,176.55,
9739,29/4/2022,Pavel Enriqez,Clinómetro,500,51.4,22,626.34,203,829.34,38,12.09577819,46,14.64225781,Bueno,,Santa Cruz,Finca Mario Piu,-0.702802,-90.354082,174.04,
9744,29/4/2022,Pavel Enriqez,Clinómetro,213,66,-,478.4,160,638.4,40,12.7323981,50,15.91549762,Bueno,,Santa Cruz,Finca Mario Piu,-0.702679,-90.35375,174.68,
9749,29/4/2022,Pavel Enriqez,Clinómetro,312,63.8,36.6,634.1,170,804.1,28,8.912678667,34,10.82253838,Bueno,,Santa Cruz,Finca Mario Piu,-0.70275,-90.353631,176.07,
9760,29/4/2022,Pavel Enriqez,Clinómetro,500,49.5,20.7,585.42,185,770.42,32.4,10.31324246,43.3,13.78282094,Bueno,,Santa Cruz,Finca Mario Piu,-0.703252,-90.354034,171.46,
9765,29/4/2022,Pavel Enriqez,Clinómetro,500,55,21.3,714.07,208,922.07,32.7,10.40873544,38.2,12.15944018,Bueno,,Santa Cruz,Finca Mario Piu,-0.703304,-90.353871,176.23,
9773,29/4/2022,Pavel Enriqez,Clinómetro,500,44.2,22.1,486.23,238,724.23,25.8,8.212396772,36.4,11.58648227,Bueno,,Santa Cruz,Finca Mario Piu,-0.70315,-90.353752,177.52,
9775,29/4/2022,Pavel Enriqez,Clinómetro,500,58.1,16.1,803.28,221,1024.28,31.4,9.994932506,37.8,12.0321162,Bueno,,Santa Cruz,Finca Mario Piu,-0.703244,-90.353844,177.53,
9783,29/4/2022,Pavel Enriqez,Clinómetro,226,66.2,35.5,512.41,162,674.41,24.1,7.671269853,25.7,8.180565777,Bueno,,Santa Cruz,Finca Mario Piu,-0.703396,-90.353821,174.82,
9786,29/4/2022,Pavel Enriqez,Clinómetro,497,71,34,1443.4,160,1603.4,20,6.366199048,24,7.639438858,Bueno,,Santa Cruz,Finca Mario Piu,-0.703457,-90.353805,175.11,
9790,29/4/2022,Pavel Enriqez,Clinómetro,280,64.3,32.8,581.8,203,784.8,23.6,7.512114877,27.5,8.753523691,Bueno,,Santa Cruz,Finca Mario Piu,-0.703445,-90.353953,172.38,
9795,29/4/2022,Pavel Enriqez,Clinómetro,335,74,25.6,1168.28,187,1355.28,34.1,10.85436938,42.8,13.62366596,Bueno,,Santa Cruz,Finca Mario Piu,-0.703415,-90.354082,173.08,
9797,29/4/2022,Pavel Enriqez,Clinómetro,506,50.9,27.4,622.6,200,822.6,54,17.18873743,40,12.7323981,Bueno,,Santa Cruz,Finca Mario Piu,-0.703387,-90.35414,172.74,
9803,29/4/2022,Pavel Enriqez,Clinómetro,122,61,54,220.1,130,350.1,28,8.912678667,35,11.14084833,Bueno,,Santa Cruz,Finca Mario Piu,-0.703427,-90.354245,173.93,
9806,29/4/2022,Pavel Enriqez,Metro,,,,,,540,26.5,8.435213739,30,9.549298572,Bueno,,Santa Cruz,Finca Mario Piu,-0.703244,-90.354342,172.7,
9807,29/4/2022,Pavel Enriqez,Clinómetro,434,52,27.2,555.49,135,690.49,29,9.23098862,40,12.7323981,Bueno,,Santa Cruz,Finca Mario Piu,-0.703218,-90.354331,173.29,
9808,29/4/2022,Pavel Enriqez,Clinómetro,470,67.2,17.1,1118.09,200,1318.09,38,12.09577819,53,16.87042748,Bueno,,Santa Cruz,Finca Mario Piu,-0.703189,-90.354306,173.36,
9809,29/4/2022,Pavel Enriqez,Clinómetro,280,55.8,25,412.01,210,622.01,38,12.09577819,48,15.27887772,Bueno,,Santa Cruz,Finca Mario Piu,-0.703187,-90.354257,172.16,
9812,29/4/2022,Pavel Enriqez,Clinómetro,430,52.9,20,568.56,150,718.56,49,15.59718767,54.5,17.34789241,Bueno,,Santa Cruz,Finca Mario Piu,-0.703227,-90.354422,175.27,
9813,29/4/2022,Pavel Enriqez,Clinómetro,500,60.3,26.3,876.59,200,1076.59,43,13.68732795,56,17.82535733,Bueno,,Santa Cruz,Finca Mario Piu,-0.703147,-90.354409,175.72,
14297,29/4/2022,Pavel Enriqez,Metro,,,,,,344,13,4.138029381,22,7.002818953,Bueno,,Santa Cruz,Finca Mario Piu,-0.702971,-90.356027,177.1,
14299,29/4/2022,Pavel Enriqez,Metro,,,,,,342,13,4.138029381,26,8.276058763,Bueno,,Santa Cruz,Finca Mario Piu,-0.703212,-90.355892,169.85,
14300,29/4/2022,Pavel Enriqez,Metro,,,,,,290,13.5,4.297184357,25,7.95774881,Bueno,,Santa Cruz,Finca Mario Piu,-0.703289,-90.355922,168.38,
14301,29/4/2022,Pavel Enriqez,Metro,,,,,,393,14,4.456339334,20,6.366199048,Bueno,,Santa Cruz,Finca Mario Piu,-0.703361,-90.355934,164.14,
14302,29/4/2022,Pavel Enriqez,Metro,,,,,,356,11.5,3.660564453,16,5.092959239,Bueno,,Santa Cruz,Finca Mario Piu,-0.703591,-90.356094,168.88,
14304,29/4/2022,Pavel Enriqez,Metro,,,,,,336,16,5.092959239,18,5.729579143,Bueno,,Santa Cruz,Finca Mario Piu,-0.703528,-90.35582,165.45,
14305,29/4/2022,Pavel Enriqez,Metro,,,,,,292,14,4.456339334,21,6.684509001,Bueno,,Santa Cruz,Finca Mario Piu,-0.703474,-90.355761,169.56,
14307,29/4/2022,Pavel Enriqez,Metro,,,,,,328,15.28,4.863776073,22.4,7.130142934,Bueno,,Santa Cruz,Finca Mario Piu,-0.703474,-90.355764,169.54,
14308,29/4/2022,Pavel Enriqez,Metro,,,,,,357,15,4.774649286,21.5,6.843663977,Bueno,,Santa Cruz,Finca Mario Piu,-0.703338,-90.355665,174.85,
14310,29/4/2022,Pavel Enriqez,Metro,,,,,,325,13.6,4.329015353,19.8,6.302537058,Bueno,,Santa Cruz,Finca Mario Piu,-0.703244,-90.355645,172.98,
14311,29/4/2022,Pavel Enriqez,Metro,,,,,,544,13,4.138029381,18,5.729579143,Bueno,,Santa Cruz,Finca Mario Piu,-0.703178,-90.355656,173.57,
14313,29/4/2022,Pavel Enriqez,Metro,,,,,,234,10,3.183099524,14,4.456339334,Bueno,,Santa Cruz,Finca Mario Piu,-0.703106,-90.355681,177.65,
14314,29/4/2022,Pavel Enriqez,Metro,,,,,,375,42,13.369018,16,5.092959239,Bueno,,Santa Cruz,Finca Mario Piu,-0.70313,-90.355803,176.63,
14315,29/4/2022,Pavel Enriqez,Metro,,,,,,290,12,3.819719429,20,6.366199048,Bueno,,Santa Cruz,Finca Mario Piu,-0.703113,-90.355536,174.61,
14317,29/4/2022,Pavel Enriqez,Metro,,,,,,230,14,4.456339334,24,7.639438858,Bueno,,Santa Cruz,Finca Mario Piu,-0.703309,-90.355587,173.86,
14318,29/4/2022,Pavel Enriqez,Metro,,,,,,282,11.5,3.660564453,21,6.684509001,Bueno,,Santa Cruz,Finca Mario Piu,-0.703609,-90.355619,172.32,
14319,29/4/2022,Pavel Enriqez,Metro,,,,,,346,13,4.138029381,19,6.047889096,Bueno,,Santa Cruz,Finca Mario Piu,-0.703594,-90.355383,171.86,
14320,29/4/2022,Pavel Enriqez,Metro,,,,,,412,13.5,4.297184357,18,5.729579143,Bueno,,Santa Cruz,Finca Mario Piu,-0.703522,-90.355238,175.72,
14322,29/4/2022,Pavel Enriqez,Metro,,,,,,202,10,3.183099524,20,6.366199048,Bueno,,Santa Cruz,Finca Mario Piu,-0.703431,-90.355233,170.87,
14323,29/4/2022,Pavel Enriqez,Metro,,,,,,374,15,4.774649286,20.5,6.525354024,Bueno,,Santa Cruz,Finca Mario Piu,-0.703449,-90.355249,171.04,
14324,29/4/2022,Pavel Enriqez,Metro,,,,,,316,14.5,4.61549431,24,7.639438858,Bueno,,Santa Cruz,Finca Mario Piu,-0.703365,-90.355291,170.74,
14325,29/4/2022,Pavel Enriqez,Metro,,,,,,335,16,5.092959239,25,7.95774881,Bueno,,Santa Cruz,Finca Mario Piu,-0.703219,-90.355385,171.47,
14326,29/4/2022,Pavel Enriqez,Metro,,,,,,275,14.5,4.61549431,23.2,7.384790896,Bueno,,Santa Cruz,Finca Mario Piu,-0.703214,-90.355452,174.87,
14327,29/4/2022,Pavel Enriqez,Metro,,,,,,259,13.5,4.297184357,19.5,6.207044072,Bueno,,Santa Cruz,Finca Mario Piu,-0.703218,-90.355463,174.98,
14328,29/4/2022,Pavel Enriqez,Metro,,,,,,338,14,4.456339334,20.5,6.525354024,Bueno,,Santa Cruz,Finca Mario Piu,-0.703158,-90.355377,174.45,
14329,29/4/2022,Pavel Enriqez,Metro,,,,,,224,16.5,5.252114215,23,7.321128905,Bueno,,Santa Cruz,Finca Mario Piu,-0.703156,-90.355374,174.47,
14330,29/4/2022,Pavel Enriqez,Metro,,,,,,125,6,1.909859714,7,2.228169667,Bueno,,Santa Cruz,Finca Mario Piu,-0.70312,-90.355444,177.04,
14331,29/4/2022,Pavel Enriqez,Metro,,,,,,353,16.5,5.252114215,21,6.684509001,Bueno,,Santa Cruz,Finca Mario Piu,-0.703119,-90.355446,176.83,
14332,29/4/2022,Pavel Enriqez,Metro,,,,,,344,13,4.138029381,15,4.774649286,Bueno,,Santa Cruz,Finca Mario Piu,-0.7032,-90.355219,174.96,
14334,29/4/2022,Pavel Enriqez,Metro,,,,,,365,18,5.729579143,21.5,6.843663977,Bueno,,Santa Cruz,Finca Mario Piu,-0.703421,-90.355128,174.97,
14335,29/4/2022,Pavel Enriqez,Metro,,,,,,374,16.5,5.252114215,22,7.002818953,Bueno,,Santa Cruz,Finca Mario Piu,-0.703528,-90.355137,175.76,
14336,29/4/2022,Pavel Enriqez,Metro,,,,,,304,13.5,4.297184357,19.5,6.207044072,Bueno,,Santa Cruz,Finca Mario Piu,-0.703555,-90.355095,176.71,
14337,29/4/2022,Pavel Enriqez,Metro,,,,,,408,19.5,6.207044072,27.5,8.753523691,Bueno,,Santa Cruz,Finca Mario Piu,-0.703563,-90.355122,177.33,
14338,29/4/2022,Pavel Enriqez,Metro,,,,,,362,15,4.774649286,19,6.047889096,Bueno,,Santa Cruz,Finca Mario Piu,-0.703497,-90.354994,176.29,
14340,29/4/2022,Pavel Enriqez,Metro,,,,,,426,13.8,4.392677343,22,7.002818953,Bueno,,Santa Cruz,Finca Mario Piu,-0.703393,-90.354985,179.57,
14341,29/4/2022,Pavel Enriqez,Metro,,,,,,340,18.5,5.88873412,21,6.684509001,Bueno,,Santa Cruz,Finca Mario Piu,-0.70333,-90.355024,178.72,
14342,29/4/2022,Pavel Enriqez,Metro,,,,,,376,18.1,5.761410139,24.5,7.798593834,Bueno,,Santa Cruz,Finca Mario Piu,-0.703217,-90.355015,181.44,
14343,29/4/2022,Pavel Enriqez,Metro,,,,,,301,13.2,4.201691372,20,6.366199048,Bueno,,Santa Cruz,Finca Mario Piu,-0.703135,-90.355043,183.03,
14345,29/4/2022,Pavel Enriqez,Metro,,,,,,292,13,4.138029381,17,5.411269191,Bueno,,Santa Cruz,Finca Mario Piu,-0.703047,-90.355009,185.66,
14346,29/4/2022,Pavel Enriqez,Metro,,,,,,283,9.5,3.023944548,19,6.047889096,Bueno,,Santa Cruz,Finca Mario Piu,-0.703015,-90.355132,179.24,
14347,29/4/2022,Pavel Enriqez,Metro,,,,,,308,11,3.501409476,17,5.411269191,Bueno,,Santa Cruz,Finca Mario Piu,-0.702963,-90.354939,179.88,
14348,29/4/2022,Pavel Enriqez,Metro,,,,,,383,13.5,4.297184357,21,6.684509001,Bueno,,Santa Cruz,Finca Mario Piu,-0.703062,-90.354863,179.72,
14349,29/4/2022,Pavel Enriqez,Metro,,,,,,368,16,5.092959239,20,6.366199048,Bueno,,Santa Cruz,Finca Mario Piu,-0.703218,-90.354902,179.06,
14350,29/4/2022,Pavel Enriqez,Metro,,,,,,415,16,5.092959239,19.5,6.207044072,Bueno,,Santa Cruz,Finca Mario Piu,-0.703548,-90.354696,176.82,
14351,29/4/2022,Pavel Enriqez,Metro,,,,,,466,15,4.774649286,19,6.047889096,Bueno,,Santa Cruz,Finca Mario Piu,-0.703491,-90.354717,180.58,
14352,29/4/2022,Pavel Enriqez,Metro,,,,,,306,13.5,4.297184357,21,6.684509001,Bueno,,Santa Cruz,Finca Mario Piu,-0.703419,-90.354586,182.83,
14353,29/4/2022,Pavel Enriqez,Metro,,,,,,486,17.5,5.570424167,23,7.321128905,Bueno,,Santa Cruz,Finca Mario Piu,-0.703548,-90.354446,181.87,
14354,29/4/2022,Pavel Enriqez,Metro,,,,,,386,16,5.092959239,17.5,5.570424167,Bueno,,Santa Cruz,Finca Mario Piu,-0.703539,-90.354445,182.02,
14356,29/4/2022,Pavel Enriqez,Metro,,,,,,370,12,3.819719429,14,4.456339334,Bueno,,Santa Cruz,Finca Mario Piu,-0.703443,-90.354449,181.46,
14357,29/4/2022,Pavel Enriqez,Metro,,,,,,425,20.5,6.525354024,21,6.684509001,Bueno,,Santa Cruz,Finca Mario Piu,-0.703349,-90.354636,177.24,
14359,29/4/2022,Pavel Enriqez,Metro,,,,,,343,13.5,4.297184357,21,6.684509001,Bueno,,Santa Cruz,Finca Mario Piu,-0.703207,-90.354764,173.73,
14360,29/4/2022,Pavel Enriqez,Metro,,,,,,383,14.5,4.61549431,17.5,5.570424167,Bueno,,Santa Cruz,Finca Mario Piu,-0.703097,-90.354678,175.36,
14362,29/4/2022,Pavel Enriqez,Metro,,,,,,268,10,3.183099524,19,6.047889096,Bueno,,Santa Cruz,Finca Mario Piu,-0.703006,-90.354733,175.36,
14364,29/4/2022,Pavel Enriqez,Metro,,,,,,223,12,3.819719429,12.5,3.978874405,Bueno,,Santa Cruz,Finca Mario Piu,-0.702903,-90.354756,172.94,
14365,29/4/2022,Pavel Enriqez,Metro,,,,,,307,9,2.864789572,18,5.729579143,Bueno,,Santa Cruz,Finca Mario Piu,-0.702928,-90.354817,170.88,
14366,29/4/2022,Pavel Enriqez,Metro,,,,,,318,16.5,5.252114215,23.5,7.480283882,Bueno,,Santa Cruz,Finca Mario Piu,-0.702788,-90.354806,175.77,
14367,29/4/2022,Pavel Enriqez,Metro,,,,,,343,17,5.411269191,20,6.366199048,Bueno,,Santa Cruz,Finca Mario Piu,-0.702986,-90.355839,170.99,
14369,29/4/2022,Pavel Enriqez,Metro,,,,,,254,10,3.183099524,14,4.456339334,Bueno,,Santa Cruz,Finca Mario Piu,-0.702979,-90.355842,171.37,
14370,29/4/2022,Pavel Enriqez,Metro,,,,,,352,11.5,3.660564453,16,5.092959239,Bueno,,Santa Cruz,Finca Mario Piu,-0.702931,-90.355951,169.93,
14371,29/4/2022,Pavel Enriqez,Metro,,,,,,148,8,2.546479619,10,3.183099524,Bueno,,Santa Cruz,Finca Mario Piu,-0.702877,-90.355839,169.42,
14372,29/4/2022,Pavel Enriqez,Metro,,,,,,315,13.5,4.297184357,17,5.411269191,Bueno,,Santa Cruz,Finca Mario Piu,-0.70302,-90.355678,168.82,
14374,29/4/2022,Pavel Enriqez,Metro,,,,,,282,11,3.501409476,20,6.366199048,Bueno,,Santa Cruz,Finca Mario Piu,-0.703066,-90.355552,166.17,
14375,29/4/2022,Pavel Enriqez,Metro,,,,,,282,14,4.456339334,15.5,4.933804262,Bueno,,Santa Cruz,Finca Mario Piu,-0.703333,-90.355436,170.82,
14376,29/4/2022,Pavel Enriqez,Metro,,,,,,323,16.5,5.252114215,21,6.684509001,Bueno,,Santa Cruz,Finca Mario Piu,-0.703336,-90.355441,171.12,
14377,29/4/2022,Pavel Enriqez,Metro,,,,,,283,13,4.138029381,22,7.002818953,Bueno,,Santa Cruz,Finca Mario Piu,-0.703335,-90.355439,171.37,
14378,29/4/2022,Pavel Enriqez,Metro,,,,,,334,14,4.456339334,19,6.047889096,Bueno,,Santa Cruz,Finca Mario Piu,-0.703353,-90.355455,171.53,
419,2/6/2022,Paul Mayorga,Metro,,,,,,725,48,10.88787329,52,16.55211753,Bueno,"2 ramas: 21,27",Floreana ,Anibal Sanmiguel,-1.297928,-90.447222,339.27,
371,2/6/2022,Paul Mayorga,Metro,,,,,,811,44,9.944318742,37,11.77746824,Bueno,"2 ramas: 24,20",Floreana ,Anibal Sanmiguel,-1.299416,-90.447229,335.67,
401,2/6/2022,Paul Mayorga,Metro,,,,,,885,57.5,13.02447664,67,21.32676681,Bueno,"2 ramas: 25.5,32",Floreana ,Anibal Sanmiguel,-1.299587,-90.447322,344.63,
488,2/6/2022,Paul Mayorga,Metro,,,,,,693,58.5,13.16760705,59,18.78028719,Bueno,"2 ramas: 29,29.5",Floreana ,Anibal Sanmiguel,-1.297948,-90.447199,353.82,
382,2/6/2022,Paul Mayorga,Metro,,,,,,898,53,12.03278735,57,18.14366729,Bueno,"2 ramas: 30,23",Floreana ,Anibal Sanmiguel,-1.299472,-90.447267,339.05,
385,2/6/2022,Paul Mayorga,Metro,,,,,,689,70.5,15.86847414,57,18.14366729,Bueno,"2 ramas: 35,35.5",Floreana ,Anibal Sanmiguel,-1.299467,-90.44736,339.95,
276,2/6/2022,Paul Mayorga,Metro,,,,,,805,101.5,23.72903596,100,31.83099524,Bueno,"2 ramas: 36.5,65",Floreana ,Anibal Sanmiguel,-1.299534,-90.447122,353.46,
366,2/6/2022,Paul Mayorga,Metro,,,,,,855,69.5,15.65311318,62,19.73521705,Bueno,"2 ramas: 36,33.5",Floreana ,Anibal Sanmiguel,-1.299418,-90.44738,331.94,
291,2/6/2022,Paul Mayorga,Metro,,,,,,745,81,18.34359973,74,23.55493648,Bueno,"2 ramas: 36,45",Floreana ,Anibal Sanmiguel,-1.299596,-90.447426,354.96,
484,2/6/2022,Paul Mayorga,Metro,,,,,,892,80,18.02882018,67,21.32676681,Bueno,"2 ramas: 38,42",Floreana ,Anibal Sanmiguel,-1.297922,-90.447175,354.23,
376,2/6/2022,Paul Mayorga,Metro,,,,,,768,78,17.64826673,59,18.78028719,Bueno,"2 ramas: 43,35",Floreana ,Anibal Sanmiguel,-1.2995,-90.447133,337.73,
388,2/6/2022,Paul Mayorga,Metro,,,,,,788,94,21.27681951,71,22.60000662,Bueno,"2 ramas: 52, 42",Floreana ,Anibal Sanmiguel,-1.299462,-90.447438,340.95,
423,2/6/2022,Paul Mayorga,Metro,,,,,,800,89,20.31455589,82,26.1014161,Bueno,"2 ramas: 52,37",Floreana ,Anibal Sanmiguel,-1.297892,-90.447058,352.4,
311,2/6/2022,Paul Mayorga,Metro,,,,,,745,74,13.83824545,49,15.59718767,Bueno,"3 ramas: 20,31,23",Floreana ,Anibal Sanmiguel,-1.299529,-90.447242,354.63,
375,2/6/2022,Paul Mayorga,Metro,,,,,,742,99,18.26055901,74,23.55493648,Bueno,"3 ramas: 29,35,35",Floreana ,Anibal Sanmiguel,-1.299426,-90.44715,337.41,
317,2/6/2022,Paul Mayorga,Metro,,,,,,720,81,15.02813755,79,25.14648624,Bueno,"3 ramas: 31,28,22",Floreana ,Anibal Sanmiguel,-1.299536,-90.447368,353.79,
367,2/6/2022,Paul Mayorga,Metro,,,,,,795,85,16.66497418,72,22.91831657,Bueno,"3 ramas: 31,36,22",Floreana ,Anibal Sanmiguel,-1.299422,-90.447368,333.84,
296,2/6/2022,Paul Mayorga,Metro,,,,,,810,99.5,18.69985923,88.5,28.17043079,Bueno,"3 ramas: 33.5,27,40",Floreana ,Anibal Sanmiguel,-1.299559,-90.447357,354.48,
528,2/6/2022,Paul Mayorga,Metro,,,,,,795,93,17.16809026,130,41.38029381,Bueno,"3 ramas: 35,30,28",Floreana ,Anibal Sanmiguel,-1.298027,-90.447094,355.56,
473,2/6/2022,Paul Mayorga,Metro,,,,,,688,87,16.3705385,65,20.69014691,Bueno,"3 ramas: 38,25,24",Floreana ,Anibal Sanmiguel,-1.297951,-90.446911,358.18,
530,2/6/2022,Paul Mayorga,Metro,,,,,,792,125,23.07033111,113,35.96902462,Bueno,"3 ramas: 47,40,38",Floreana ,Anibal Sanmiguel,-1.298028,-90.447074,357.37,
383,2/6/2022,Paul Mayorga,Metro,,,,,,400,119,22.32938747,111,35.33240472,Bueno,"3 ramas: 50:39,30",Floreana ,Anibal Sanmiguel,-1.299463,-90.447298,339.18,
353,2/6/2022,Paul Mayorga,Metro,,,,,,890,36,11.45915829,37,11.77746824,Regular,caído,Floreana ,Anibal Sanmiguel,-1.299451,-90.447305,353.65,
364,2/6/2022,Paul Mayorga,Metro,,,,,,796,32.26,10.26867906,75,23.87324643,Regular,caído,Floreana ,Anibal Sanmiguel,-1.299419,-90.44746,332.27,
294,2/6/2022,Paul Mayorga,Metro,,,,,,862,81,14.96733567,80,25.46479619,Regular,"caído 
3 ramas: 31,25,25",Floreana ,Anibal Sanmiguel,-1.299562,-90.447384,355.02,
287,2/6/2022,Paul Mayorga,Metro,,,,,,,,0,,0,Muerto,Muerto,Floreana ,Anibal Sanmiguel,-1.299591,-90.44734,354.3,
482,2/6/2022,Paul Mayorga,Metro,,,,,,,,0,,0,Muerto,Muerto,Floreana ,Anibal Sanmiguel,-1.297931,-90.447119,355.35,
487,2/6/2022,Paul Mayorga,Metro,,,,,,,,0,,0,Muerto,Muerto,Floreana ,Anibal Sanmiguel,-1.297935,-90.447228,353.67,
488,2/6/2022,Paul Mayorga,Metro,,,,,,,,0,,0,Muerto,Muerto,Floreana ,Anibal Sanmiguel,-1.297948,-90.447199,353.82,
232,2/6/2022,Paul Mayorga,Metro,,,,,,620,33,10.50422843,45,14.32394786,Bueno,,Floreana ,Anibal Sanmiguel,-1.299708,-90.44748,355.88,
275,2/6/2022,Paul Mayorga,Metro,,,,,,528,63,20.053527,79.5,25.30564122,Bueno,,Floreana ,Anibal Sanmiguel,-1.299615,-90.447091,355.29,
310,2/6/2022,Paul Mayorga,Metro,,,,,,700,30,9.549298572,44,14.00563791,Bueno,,Floreana ,Anibal Sanmiguel,-1.299539,-90.447195,355.18,
312,2/6/2022,Paul Mayorga,Metro,,,,,,580,19,6.047889096,27.5,8.753523691,Bueno,,Floreana ,Anibal Sanmiguel,-1.299534,-90.447261,354.01,
315,2/6/2022,Paul Mayorga,Metro,,,,,,685,52,16.55211753,70,22.28169667,Bueno,,Floreana ,Anibal Sanmiguel,-1.299529,-90.447317,353.96,
316,2/6/2022,Paul Mayorga,Metro,,,,,,715,64,20.37183695,74,23.55493648,Bueno,,Floreana ,Anibal Sanmiguel,-1.299533,-90.447344,354.04,
318,2/6/2022,Paul Mayorga,Metro,,,,,,650,24,7.639438858,35,11.14084833,Bueno,,Floreana ,Anibal Sanmiguel,-1.299542,-90.4474,353.68,
377,2/6/2022,Paul Mayorga,Metro,,,,,,760,46,14.64225781,62,19.73521705,Bueno,,Floreana ,Anibal Sanmiguel,-1.299486,-90.447149,338.06,
404,2/6/2022,Paul Mayorga,Metro,,,,,,861,33,10.50422843,57,18.14366729,Bueno,,Floreana ,Anibal Sanmiguel,-1.299585,-90.447403,344.96,
415,2/6/2022,Paul Mayorga,Metro,,,,,,725,35.5,11.30000331,47,14.96056776,Bueno,,Floreana ,Anibal Sanmiguel,-1.297949,-90.447112,339.2,
416,2/6/2022,Paul Mayorga,Metro,,,,,,762,66,21.00845686,70,22.28169667,Bueno,,Floreana ,Anibal Sanmiguel,-1.297942,-90.44714,338.97,
418,2/6/2022,Paul Mayorga,Metro,,,,,,715,39,12.41408814,47,14.96056776,Bueno,,Floreana ,Anibal Sanmiguel,-1.297927,-90.447193,339.57,
420,2/6/2022,Paul Mayorga,Metro,,,,,,680,31,9.867608525,46,14.64225781,Bueno,,Floreana ,Anibal Sanmiguel,-1.297918,-90.447244,339.27,
426,2/6/2022,Paul Mayorga,Metro,,,,,,845,34,10.82253838,43,13.68732795,Bueno,,Floreana ,Anibal Sanmiguel,-1.297805,-90.447204,342.69,
479,2/6/2022,Paul Mayorga,Metro,,,,,,888,44,14.00563791,59,18.78028719,Bueno,,Floreana ,Anibal Sanmiguel,-1.297945,-90.447039,356.85,
485,2/6/2022,Paul Mayorga,Metro,,,,,,768,26.5,8.435213739,38,12.09577819,Bueno,,Floreana ,Anibal Sanmiguel,-1.29792,-90.447201,354.07,
487,2/6/2022,Paul Mayorga,Metro,,,,,,869,40,12.7323981,53.5,17.02958245,Bueno,,Floreana ,Anibal Sanmiguel,-1.297935,-90.447228,353.67,
489,2/6/2022,Paul Mayorga,Metro,,,,,,800,63,20.053527,92,29.28451562,Bueno,,Floreana ,Anibal Sanmiguel,-1.297948,-90.447199,353.82,
522,2/6/2022,Paul Mayorga,Metro,,,,,,650,46,14.64225781,55,17.50704738,Bueno,,Floreana ,Anibal Sanmiguel,-1.298,-90.447211,355.39,
523,2/6/2022,Paul Mayorga,Metro,,,,,,840,60,19.09859714,83,26.41972605,Bueno,,Floreana ,Anibal Sanmiguel,-1.298008,-90.447196,355.15,
525,2/6/2022,Paul Mayorga,Metro,,,,,,825,47,14.96056776,55,17.50704738,Bueno,,Floreana ,Anibal Sanmiguel,-1.298019,-90.447143,355.76,
11173,21/6/2022,David Cárdenas,Metro,,,,,,310,19,4.282421539,27,8.594368715,Bueno,"2 ramas: 10,9",Santa Cruz,Rancho El Manzanillo,-0.697318,-90.401318,165.74,
11146,21/6/2022,David Cárdenas,Metro,,,,,,399,27.5,7.131846478,38,12.09577819,Bueno,"3 ramas: 21,6.5",Santa Cruz,Rancho El Manzanillo,-0.696541,-90.400988,170.14,
9535,21/6/2022,David Cárdenas,Metro,,,,,,452,62,11.50328066,22,7.002818953,Bueno,"3 ramas: 24,17,21",Santa Cruz,Recinto el Cascajo,-0.665039,-90.275359,309.29,
9839,21/6/2022,David Cárdenas,Metro,,,,,,530,72,13.2624875,46.5,14.80141279,Bueno,"3 ramas: 24,22,26",Santa Cruz,Rancho El Chato,-0.668279,-90.43073,242.14,
9851,21/6/2022,David Cárdenas,Metro,,,,,,396,65,12.02436398,44,14.00563791,Bueno,"3 ramas: 25,21,19",Santa Cruz,Rancho El Chato,-0.668329,-90.430587,244.76,
9836,21/6/2022,David Cárdenas,Metro,,,,,,515,73.5,13.53191447,50,15.91549762,Bueno,"3 ramas: 26,25,22.5",Santa Cruz,Rancho El Chato,-0.668346,-90.430706,242.41,
9595,21/6/2022,David Cárdenas,Metro,,,,,,690,90,16.54599161,54,17.18873743,Bueno,"3 ramas: 30,31,29",Santa Cruz,Recinto el Cascajo,-0.665312,-90.275129,306.14,
9537,21/6/2022,David Cárdenas,Metro,,,,,,570,91,17.15628277,59,18.78028719,Bueno,"3 ramas: 40,27,24",Santa Cruz,Recinto el Cascajo,-0.665086,-90.275397,310.25,
11157,21/6/2022,David Cárdenas,Metro,,,,,,267,15,4.774649286,27.1,8.62619971,Bueno,Podado,Santa Cruz,Rancho El Manzanillo,-0.696389,-90.400856,173.46,
11158,21/6/2022,David Cárdenas,Metro,,,,,,94,9.5,3.023944548,17,5.411269191,Bueno,Podado,Santa Cruz,Rancho El Manzanillo,-0.696422,-90.400908,173.32,
9584,21/6/2022,David Cárdenas,Metro,,,,,,580,46,14.64225781,55,17.50704738,Bueno,,Santa Cruz,Recinto el Cascajo,-0.665254,-90.275226,307.43,
9840,21/6/2022,David Cárdenas,Metro,,,,,,510,33,10.50422843,42,13.369018,Bueno,,Santa Cruz,Rancho El Chato,-0.668257,-90.4307,240.44,
9844,21/6/2022,David Cárdenas,Metro,,,,,,493,36,11.45915829,47,14.96056776,Bueno,,Santa Cruz,Rancho El Chato,-0.668311,-90.430666,242.1,
9847,21/6/2022,David Cárdenas,Metro,,,,,,490,32,10.18591848,42,13.369018,Bueno,,Santa Cruz,Rancho El Chato,-0.66836,-90.430666,241.04,
9871,21/6/2022,David Cárdenas,Metro,,,,,,477,31,9.867608525,40,12.7323981,Bueno,,Santa Cruz,Rancho El Chato,-0.668356,-90.430669,243.32,
9875,21/6/2022,David Cárdenas,Metro,,,,,,504,27,8.594368715,33,10.50422843,Bueno,,Santa Cruz,Rancho El Chato,-0.668337,-90.430748,242.21,
11143,21/6/2022,David Cárdenas,Metro,,,,,,274,10,3.183099524,18,5.729579143,Bueno,,Santa Cruz,Rancho El Manzanillo,-0.696386,-90.401011,167.47,
11159,21/6/2022,David Cárdenas,Metro,,,,,,510,25,7.95774881,33,10.50422843,Bueno,,Santa Cruz,Rancho El Manzanillo,-0.696547,-90.400861,170.57,
11176,21/6/2022,David Cárdenas,Metro,,,,,,225,11,3.501409476,20,6.366199048,Bueno,,Santa Cruz,Rancho El Manzanillo,-0.697384,-90.401375,167.02,
12987,21/6/2022,David Cárdenas,Metro,,,,,,234,8,2.546479619,15,4.774649286,Bueno,,Santa Cruz,Rancho Terramar,-0.638661,-90.428983,411.97,
12991,21/6/2022,David Cárdenas,Metro,,,,,,148,8,2.546479619,10,3.183099524,Bueno,,Santa Cruz,Rancho Terramar,-0.638592,-90.428954,413.31,
12993,21/6/2022,David Cárdenas,Metro,,,,,,275,11,3.501409476,13.5,4.297184357,Bueno,,Santa Cruz,Rancho Terramar,-0.638582,-90.428936,412.32,
12995,21/6/2022,David Cárdenas,Metro,,,,,,196,10,3.183099524,15,4.774649286,Bueno,,Santa Cruz,Rancho Terramar,-0.63856,-90.428918,412.62,
13014,21/6/2022,David Cárdenas,Metro,,,,,,283,15,4.774649286,32,10.18591848,Bueno,,Santa Cruz,Rancho Terramar,-0.638565,-90.428801,411.29,
13027,21/6/2022,David Cárdenas,Metro,,,,,,289,14,4.456339334,29,9.23098862,Bueno,,Santa Cruz,Rancho Terramar,-0.638573,-90.428837,412.65,
13037,21/6/2022,David Cárdenas,Metro,,,,,,209,10,3.183099524,30,9.549298572,Bueno,,Santa Cruz,Rancho Terramar,-0.638608,-90.428897,408.9,
13039,21/6/2022,David Cárdenas,Metro,,,,,,220,12,3.819719429,34,10.82253838,Bueno,,Santa Cruz,Rancho Terramar,-0.638607,-90.42886,412.42,
13041,21/6/2022,David Cárdenas,Metro,,,,,,274,9,2.864789572,26,8.276058763,Bueno,,Santa Cruz,Rancho Terramar,-0.638607,-90.428865,415.78,
13044,21/6/2022,David Cárdenas,Metro,,,,,,191,12.5,3.978874405,23.5,7.480283882,Bueno,,Santa Cruz,Rancho Terramar,-0.638634,-90.428847,414.29,
13049,21/6/2022,David Cárdenas,Metro,,,,,,255,10,3.183099524,27,8.594368715,Bueno,,Santa Cruz,Rancho Terramar,-0.638616,-90.428875,415.83,
13054,21/6/2022,David Cárdenas,Metro,,,,,,240,11,3.501409476,40,12.7323981,Bueno,,Santa Cruz,Rancho Terramar,-0.638645,-90.42889,415.29,
13061,21/6/2022,David Cárdenas,Metro,,,,,,220,10,3.183099524,24,7.639438858,Bueno,,Santa Cruz,Rancho Terramar,-0.638675,-90.428896,416.96,
13082,21/6/2022,David Cárdenas,Metro,,,,,,237,10,3.183099524,27,8.594368715,Bueno,,Santa Cruz,Rancho Terramar,-0.638618,-90.428799,416.76,
13083,21/6/2022,David Cárdenas,Metro,,,,,,218,11,3.501409476,20,6.366199048,Bueno,,Santa Cruz,Rancho Terramar,-0.638663,-90.428823,422.21,
13098,21/6/2022,David Cárdenas,Metro,,,,,,240,7,2.228169667,18.5,5.88873412,Bueno,,Santa Cruz,Rancho Terramar,-0.638653,-90.428845,419.28,
13256,6/7/2022,David Cárdenas,Metro,,,,,,512,44.5,8.222320827,31,9.867608525,Bueno,"3 ramas: 17,14,13.5",Santa Cruz,Finca Darwin Ecogarden ,-0.696647,-90.347323,214.24,
13246,6/7/2022,David Cárdenas,Metro,,,,,,251,16,3.183098862,12.5,3.978874405,Bueno,"3 ramas: 5,5.5,5.5",Santa Cruz,Finca Darwin Ecogarden ,-0.697121,-90.348289,206.41,
13215,6/7/2022,David Cárdenas,Metro,,,,,,462,13,4.138029381,16,5.092959239,Bueno,,Santa Cruz,Finca Darwin Ecogarden ,-0.697139,-90.346824,216.28,
13230,6/7/2022,David Cárdenas,Metro,,,,,,156,4,1.27323981,11,3.501409476,Bueno,,Santa Cruz,Finca Darwin Ecogarden ,-0.697129,-90.348122,213.87,
13233,6/7/2022,David Cárdenas,Metro,,,,,,301,12,3.819719429,17,5.411269191,Bueno,,Santa Cruz,Finca Darwin Ecogarden ,-0.697112,-90.348133,207.15,
13235,6/7/2022,David Cárdenas,Metro,,,,,,185,4.5,1.432394786,11,3.501409476,Bueno,,Santa Cruz,Finca Darwin Ecogarden ,-0.69716,-90.348217,208.03,
13244,6/7/2022,David Cárdenas,Metro,,,,,,211,4.5,1.432394786,11.5,3.660564453,Bueno,,Santa Cruz,Finca Darwin Ecogarden ,-0.697116,-90.348259,205.46,
13247,6/7/2022,David Cárdenas,Metro,,,,,,366,15,4.774649286,23,7.321128905,Bueno,,Santa Cruz,Finca Darwin Ecogarden ,-0.697085,-90.348275,212.17,
13259,6/7/2022,David Cárdenas,Metro,,,,,,295,9,2.864789572,17,5.411269191,Bueno,,Santa Cruz,Finca Darwin Ecogarden ,-0.696542,-90.34725,218.25,
13260,6/7/2022,David Cárdenas,Metro,,,,,,345,18,5.729579143,20,6.366199048,Malo,,Santa Cruz,Finca Darwin Ecogarden ,-0.696595,-90.347318,214.38,
13261,6/7/2022,David Cárdenas,Metro,,,,,,391,16,5.092959239,19,6.047889096,Bueno,,Santa Cruz,Finca Darwin Ecogarden ,-0.696638,-90.347276,210.85,
13269,6/7/2022,David Cárdenas,Metro,,,,,,230,8,2.546479619,12,3.819719429,Bueno,,Santa Cruz,Finca Darwin Ecogarden ,-0.696646,-90.347058,212.11,
13276,6/7/2022,David Cárdenas,Metro,,,,,,178,4,1.27323981,8,2.546479619,Bueno,,Santa Cruz,Finca Darwin Ecogarden ,-0.696642,-90.346998,212.1,
13279,6/7/2022,David Cárdenas,Metro,,,,,,224,5,1.591549762,10,3.183099524,Regular,,Santa Cruz,Finca Darwin Ecogarden ,-0.696681,-90.347005,218.84,
13281,6/7/2022,David Cárdenas,Metro,,,,,,260,7,2.228169667,13.5,4.297184357,Bueno,,Santa Cruz,Finca Darwin Ecogarden ,-0.69663,-90.346951,214.82,
11967,20/8/2022,Paúl Mayorga,metro,,,,,,190,10,3.183091418,6,,Bueno,,San Cristobal,Finca el Trinar,-0.916904,-89.458033,189.5,
12000,20/8/2022,Paúl Mayorga,metro,,,,,,93,12,3.819709702,12,,Bueno,,San Cristobal,Finca las Colinas,-0.88909,-89.478508,590.12,
12001,20/8/2022,Paúl Mayorga,metro,,,,,,92,15,4.774637128,15,,Bueno,,San Cristobal,Finca las Colinas,-0.88909,-89.478508,590.12,
12009,20/8/2022,Paúl Mayorga,metro,,,,,,130,10,3.183091418,10,,Bueno,,San Cristobal,Finca las Colinas,-0.88909,-89.478508,590.12,
12026,20/8/2022,Paúl Mayorga,metro,,,,,,79,8,2.546473135,8,,Bueno,,San Cristobal,Finca las Colinas,-0.88909,-89.478508,590.12,
12037,20/8/2022,Paúl Mayorga,metro,,,,,,113,16,5.092946269,16,,Bueno,,San Cristobal,Finca las Colinas,-0.88909,-89.478508,590.12,
12056,20/8/2022,Paúl Mayorga,metro,,,,,,132,14,4.456327986,14,,Bueno,,San Cristobal,Finca las Colinas,-0.88909,-89.478508,590.12,
160,6/1/2023,Danyer Zambrano,metro,5,,,,,563,47,14.96056465,78,,Bueno,,Floreana,Anibal Sanmiguel,,,,
258,6/1/2023,Danyer Zambrano,metro,5,,,,,586,59,18.78028328,39,,Bueno,,Floreana,Anibal Sanmiguel,,,,
259,6/1/2023,Danyer Zambrano,metro,5,,,,,601,36,11.4591559,37,,Bueno,,Floreana,Anibal Sanmiguel,,,,
263,6/1/2023,Danyer Zambrano,metro,5,,,,,526,24,7.639437268,30,,Bueno,,Floreana,Anibal Sanmiguel,,,,
265,6/1/2023,Danyer Zambrano,metro,,,,,,,0,0,0,,muerto,,Floreana,Anibal Sanmiguel,,,,
266,6/1/2023,Danyer Zambrano,metro,,,,,,,0,0,0,,muerto,,Floreana,Anibal Sanmiguel,,,,
270,6/1/2023,Danyer Zambrano,metro,,,,,,,0,0,0,,muerto,,Floreana,Anibal Sanmiguel,,,,
273,6/1/2023,Danyer Zambrano,metro,5,,,,,602,33,10.50422624,28,,Bueno,,Floreana,Anibal Sanmiguel,,,,
275,6/1/2023,Danyer Zambrano,metro,3,,,,,563,66,21.00845249,70,,Bueno,,Floreana,Anibal Sanmiguel,,,,
296,6/1/2023,Danyer Zambrano,metro,5,,,,,627,46,14.64225476,103,,Bueno,,Floreana,Anibal Sanmiguel,,,,
310,6/1/2023,Danyer Zambrano,metro,5,,,,,718,50,15.91549431,50,,Bueno,,Floreana,Anibal Sanmiguel,,,,
312,6/1/2023,Danyer Zambrano,metro,5,,,,,824,30,9.549296586,34,,Bueno,,Floreana,Anibal Sanmiguel,,,,
315,6/1/2023,Danyer Zambrano,metro,4,,,,,731,73,23.23662169,76,,Bueno,,Floreana,Anibal Sanmiguel,,,,
318,6/1/2023,Danyer Zambrano,metro,5,,,,,765,26,8.276057041,36,,Bueno,,Floreana,Anibal Sanmiguel,,,,
337,6/1/2023,Danyer Zambrano,metro,5,,,,,642,17,5.411268065,26,,Bueno,,Floreana,Anibal Sanmiguel,,,,
339,6/1/2023,Danyer Zambrano,metro,5,,,,,508,21,6.68450761,32,,Bueno,,Floreana,Anibal Sanmiguel,,,,
388,6/1/2023,Danyer Zambrano,metro,5,,,,,679,51,16.2338042,77,,Bueno,,Floreana,Anibal Sanmiguel,,,,
415,6/1/2023,Danyer Zambrano,metro,5,,,,,675,40,12.73239545,60,,Bueno,,Floreana,Anibal Sanmiguel,,,,
416,6/1/2023,Danyer Zambrano,metro,5,,,,,684,68,21.64507226,77,,Bueno,,Floreana,Anibal Sanmiguel,,,,
418,6/1/2023,Danyer Zambrano,metro,5,,,,,601,41,13.05070533,52,,Bueno,,Floreana,Anibal Sanmiguel,,,,
420,6/1/2023,Danyer Zambrano,metro,5,,,,,716,32,10.18591636,44,,Bueno,,Floreana,Anibal Sanmiguel,,,,
423,6/1/2023,Danyer Zambrano,metro,5,501,,,,743,54,17.18873385,102,,Bueno,,Floreana,Anibal Sanmiguel,,,,
463,6/1/2023,Danyer Zambrano,metro,5,,,,,527,40,12.73239545,53,,Bueno,,Floreana,Anibal Sanmiguel,,,,
464,6/1/2023,Danyer Zambrano,metro,5,,,,,504,47,14.96056465,28,,Bueno,,Floreana,Anibal Sanmiguel,,,,
465,6/1/2023,Danyer Zambrano,metro,5,,,,,592,113,35.96901714,70,,Bueno,,Floreana,Anibal Sanmiguel,,,,
467,6/1/2023,Danyer Zambrano,metro,5,,,,,523,28,8.912676813,32,,Bueno,,Floreana,Anibal Sanmiguel,,,,
468,6/1/2023,Danyer Zambrano,metro,5,,,,,567,43,13.68732511,47,,Bueno,,Floreana,Anibal Sanmiguel,,,,
473,6/1/2023,Danyer Zambrano,metro,5,,,,,622,47,14.96056465,84,,Bueno,,Floreana,Anibal Sanmiguel,,,,
477,6/1/2023,Danyer Zambrano,metro,5,,,,,915,52,16.55211408,61,,Bueno,,Floreana,Anibal Sanmiguel,,,,
487,6/1/2023,Danyer Zambrano,metro,5,,,,,773,32,10.18591636,79,,Bueno,,Floreana,Anibal Sanmiguel,,,,
489,6/1/2023,Danyer Zambrano,metro,5,,,,,664,38,12.09577567,48,,Bueno,,Floreana,Anibal Sanmiguel,,,,
522,6/1/2023,Danyer Zambrano,metro,5,,,,,584,52,16.55211408,57,,Bueno,,Floreana,Anibal Sanmiguel,,,,
523,6/1/2023,Danyer Zambrano,metro,5,,,,,821,60,19.09859317,87,,Bueno,,Floreana,Anibal Sanmiguel,,,,
525,6/1/2023,Danyer Zambrano,metro,5,,,,,676,46,14.64225476,63,,Bueno,,Floreana,Anibal Sanmiguel,,,,
528,6/1/2023,Danyer Zambrano,metro,5,,,,,793,39,12.41408556,117,,Bueno,,Floreana,Anibal Sanmiguel,,,,
530,6/1/2023,Danyer Zambrano,metro,,,,,,,0,0,0,,muerto,,Floreana,Anibal Sanmiguel,,,,
9836,1/2/2023,Paúl Mayorga,metro,,,,,,526,22,7.00280112,55,,Bueno,,Santa Cruz,El Chato,-0.668346,-90.430706,242.41,
9839,1/2/2023,Paúl Mayorga,metro,,,,,,523,28,8.912655971,54,,Bueno,,Santa Cruz,El Chato,-0.668279,-90.43073,242.14,
9840,1/2/2023,Paúl Mayorga,metro,,,,,,536,36,11.45912911,46,,Bueno,,Santa Cruz,El Chato,-0.668257,-90.4307,240.44,
9844,1/2/2023,Paúl Mayorga,metro,,,,,,523,37,11.77743825,45,,Bueno,,Santa Cruz,El Chato,-0.668311,-90.430666,242.1,
9847,1/2/2023,Paúl Mayorga,metro,,,,,,521,35,11.14081996,47,,Bueno,,Santa Cruz,El Chato,-0.66836,-90.430666,241.04,
9851,1/2/2023,Paúl Mayorga,metro,,,,,,425,30,9.549274255,51,,Bueno,,Santa Cruz,El Chato,-0.668329,-90.430587,244.76,
9871,1/2/2023,Paúl Mayorga,metro,,,,,,493,38,12.09574739,50,,Bueno,,Santa Cruz,El Chato,-0.668356,-90.430669,243.32,
9875,1/2/2023,Paúl Mayorga,metro,,,,,,522,33,10.50420168,34,,Bueno,,Santa Cruz,El Chato,-0.668337,-90.430748,242.21,
11146,2/2/2023,Paúl Mayorga,metro,,,,,,418,37,8.4756545,8,,Bueno,3 ramas: 15.22,Santa Cruz,Rancho el Manzanillo,-0.696541,-90.400988,170.14,
11143,2/2/2023,Paúl Mayorga,metro,,,,,,283,39,12.41405653,31,,Bueno,,Santa Cruz,Rancho el Manzanillo,-0.696386,-90.401011,167.47,
11157,2/2/2023,Paúl Mayorga,metro,,,,,,296,18,5.729564553,25,,Bueno,,Santa Cruz,Rancho el Manzanillo,-0.696389,-90.400856,173.46,
11158,2/2/2023,Paúl Mayorga,metro,,,,,,170,10,3.183091418,22,,Bueno,,Santa Cruz,Rancho el Manzanillo,-0.696422,-90.400908,173.32,
11159,2/2/2023,Paúl Mayorga,metro,,,,,,510,27,8.59434683,33,,Bueno,,Santa Cruz,Rancho el Manzanillo,-0.696547,-90.400861,170.57,
11173,2/2/2023,Paúl Mayorga,metro,,,,,,330,14,4.456327986,24,,Bueno,,Santa Cruz,Rancho el Manzanillo,-0.697318,-90.401318,165.74,
11176,2/2/2023,Paúl Mayorga,metro,,,,,,260,17,5.411255411,27,,Bueno,,Santa Cruz,Rancho el Manzanillo,-0.697384,-90.401375,167.02,
14358,3/2/2023,Paúl Mayorga,metro,,,,,,485,38,7.07479079,35,,Bueno,3 ramas: 13.10.15,Santa Cruz,Finca Mario Piu,-0.703206,-90.354732,175.86,
14350,3/2/2023,Paúl Mayorga,metro,,,,,,568,47,8.688169071,29,,Bueno,3 ramas:14.18.15,Santa Cruz,Finca Mario Piu,-0.703548,-90.354696,176.82,
14363,3/2/2023,Paúl Mayorga,metro,,,,,,422,48.5,7.792093384,32,,Bueno,4 ramas:14.13.5.10.11,Santa Cruz,Finca Mario Piu,-0.70304,-90.354754,177.56,
14297,3/2/2023,Paúl Mayorga,metro,,,,,,394,16,5.092946269,41,,Bueno,,Santa Cruz,Finca Mario Piu,-0.702971,-90.356027,177.1,
14299,3/2/2023,Paúl Mayorga,metro,,,,,,555,15,4.774637128,38,,Bueno,,Santa Cruz,Finca Mario Piu,-0.703212,-90.355892,169.85,
14300,3/2/2023,Paúl Mayorga,metro,,,,,,454,26,8.276037688,43,,Bueno,,Santa Cruz,Finca Mario Piu,-0.703289,-90.355922,168.38,
14301,3/2/2023,Paúl Mayorga,metro,,,,,,393,23,7.321110262,30,,Bueno,,Santa Cruz,Finca Mario Piu,-0.703361,-90.355934,164.14,
14302,3/2/2023,Paúl Mayorga,metro,,,,,,356,22,7.00280112,30,,Bueno,,Santa Cruz,Finca Mario Piu,-0.703591,-90.356094,168.88,
14304,3/2/2023,Paúl Mayorga,metro,,,,,,575,23,7.321110262,32,,Bueno,,Santa Cruz,Finca Mario Piu,-0.703528,-90.35582,165.45,
14305,3/2/2023,Paúl Mayorga,metro,,,,,,560,25,7.957728546,37,,Bueno,,Santa Cruz,Finca Mario Piu,-0.703474,-90.355761,169.56,
14307,3/2/2023,Paúl Mayorga,metro,,,,,,657,27,8.59434683,41,,Bueno,,Santa Cruz,Finca Mario Piu,-0.703474,-90.355764,169.54,
14308,3/2/2023,Paúl Mayorga,metro,,,,,,661,24,7.639419404,34,,Bueno,,Santa Cruz,Finca Mario Piu,-0.703338,-90.355665,174.85,
14310,3/2/2023,Paúl Mayorga,metro,,,,,,465,18,5.729564553,25,,Bueno,,Santa Cruz,Finca Mario Piu,-0.703244,-90.355645,172.98,
14311,3/2/2023,Paúl Mayorga,metro,,,,,,608,32,10.18589254,39,,Bueno,,Santa Cruz,Finca Mario Piu,-0.703178,-90.355656,173.57,
14313,3/2/2023,Paúl Mayorga,metro,,,,,,385,18,5.729564553,19,,Bueno,,Santa Cruz,Finca Mario Piu,-0.703106,-90.355681,177.65,
14314,3/2/2023,Paúl Mayorga,metro,,,,,,495,24,7.639419404,26,,Bueno,,Santa Cruz,Finca Mario Piu,-0.70313,-90.355803,176.63,
14315,3/2/2023,Paúl Mayorga,metro,,,,,,385,18,5.729564553,24,,Bueno,,Santa Cruz,Finca Mario Piu,-0.703113,-90.355536,174.61,
14316,3/2/2023,Paúl Mayorga,metro,,,,,,85,10,3.183091418,18,,Bueno,,Santa Cruz,Finca Mario Piu,-0.703258,-90.355538,174.37,
14317,3/2/2023,Paúl Mayorga,metro,,,,,,458,28,8.912655971,46,,Bueno,,Santa Cruz,Finca Mario Piu,-0.703309,-90.355587,173.86,
14318,3/2/2023,Paúl Mayorga,metro,,,,,,383,16,5.092946269,27,,Bueno,,Santa Cruz,Finca Mario Piu,-0.703609,-90.355619,172.32,
14319,3/2/2023,Paúl Mayorga,metro,,,,,,563,21,6.684491979,36,,Bueno,,Santa Cruz,Finca Mario Piu,-0.703594,-90.355383,171.86,
14320,3/2/2023,Paúl Mayorga,metro,,,,,,576,29,9.230965113,34,,Bueno,,Santa Cruz,Finca Mario Piu,-0.703522,-90.355238,175.72,
14321,3/2/2023,Paúl Mayorga,metro,,,,,,500,20.5,6.525337408,25,,Bueno,,Santa Cruz,Finca Mario Piu,-0.703522,-90.355238,175.72,
14322,3/2/2023,Paúl Mayorga,metro,,,,,,500,26,8.276037688,34,,Bueno,,Santa Cruz,Finca Mario Piu,-0.703431,-90.355233,170.87,
14323,3/2/2023,Paúl Mayorga,metro,,,,,,669,28,8.912655971,35,,Bueno,,Santa Cruz,Finca Mario Piu,-0.703449,-90.355249,171.04,
14324,3/2/2023,Paúl Mayorga,metro,,,,,,452,28,8.912655971,33,,Bueno,,Santa Cruz,Finca Mario Piu,-0.703365,-90.355291,170.74,
14325,3/2/2023,Paúl Mayorga,metro,,,,,,455,30,9.549274255,41,,Bueno,,Santa Cruz,Finca Mario Piu,-0.703219,-90.355385,171.47,
14326,3/2/2023,Paúl Mayorga,metro,,,,,,495,23.5,7.480264833,29.5,,Bueno,,Santa Cruz,Finca Mario Piu,-0.703214,-90.355452,174.87,
14327,3/2/2023,Paúl Mayorga,metro,,,,,,450,23.5,7.480264833,30,,Bueno,,Santa Cruz,Finca Mario Piu,-0.703218,-90.355463,174.98,
14328,3/2/2023,Paúl Mayorga,metro,,,,,,471,26,8.276037688,33,,Bueno,,Santa Cruz,Finca Mario Piu,-0.703158,-90.355377,174.45,
14329,3/2/2023,Paúl Mayorga,metro,,,,,,473,23,7.321110262,31.5,,Bueno,,Santa Cruz,Finca Mario Piu,-0.703156,-90.355374,174.47,
14330,3/2/2023,Paúl Mayorga,metro,,,,,,243,12,3.819709702,15,,Bueno,,Santa Cruz,Finca Mario Piu,-0.70312,-90.355444,177.04,
14331,3/2/2023,Paúl Mayorga,metro,,,,,,488,25,7.957728546,30,,Bueno,,Santa Cruz,Finca Mario Piu,-0.703119,-90.355446,176.83,
14332,3/2/2023,Paúl Mayorga,metro,,,,,,525,31,9.867583397,38,,Bueno,,Santa Cruz,Finca Mario Piu,-0.7032,-90.355219,174.96,
14333,3/2/2023,Paúl Mayorga,metro,,,,,,549,32,10.18589254,39,,Bueno,,Santa Cruz,Finca Mario Piu,-0.703197,-90.355133,178.67,
14334,3/2/2023,Paúl Mayorga,metro,,,,,,552,31,9.867583397,34,,Bueno,,Santa Cruz,Finca Mario Piu,-0.703421,-90.355128,174.97,
14335,3/2/2023,Paúl Mayorga,metro,,,,,,568,32,10.18589254,43,,Bueno,,Santa Cruz,Finca Mario Piu,-0.703528,-90.355137,175.76,
14336,3/2/2023,Paúl Mayorga,metro,,,,,,414,17.5,5.570409982,25,,Bueno,,Santa Cruz,Finca Mario Piu,-0.703555,-90.355095,176.71,
14337,3/2/2023,Paúl Mayorga,metro,,,,,,408,21,6.684491979,22,,Bueno,,Santa Cruz,Finca Mario Piu,-0.703563,-90.355122,177.33,
14338,3/2/2023,Paúl Mayorga,metro,,,,,,485,25,7.957728546,30,,Bueno,,Santa Cruz,Finca Mario Piu,-0.703497,-90.354994,176.29,
14340,3/2/2023,Paúl Mayorga,metro,,,,,,610,32,10.18589254,34,,Bueno,,Santa Cruz,Finca Mario Piu,-0.703393,-90.354985,179.57,
14341,3/2/2023,Paúl Mayorga,metro,,,,,,545,39,12.41405653,32,,Bueno,,Santa Cruz,Finca Mario Piu,-0.70333,-90.355024,178.72,
14342,3/2/2023,Paúl Mayorga,metro,,,,,,646,35,11.14081996,40,,Bueno,,Santa Cruz,Finca Mario Piu,-0.703217,-90.355015,181.44,
14343,3/2/2023,Paúl Mayorga,metro,,,,,,510,26,8.276037688,38,,Bueno,,Santa Cruz,Finca Mario Piu,-0.703135,-90.355043,183.03,
14345,3/2/2023,Paúl Mayorga,metro,,,,,,505,25,7.957728546,25,,Bueno,,Santa Cruz,Finca Mario Piu,-0.703047,-90.355009,185.66,
14346,3/2/2023,Paúl Mayorga,metro,,,,,,455,31,9.867583397,38,,Bueno,,Santa Cruz,Finca Mario Piu,-0.703015,-90.355132,179.24,
14347,3/2/2023,Paúl Mayorga,metro,,,,,,395,18,5.729564553,25,,Bueno,,Santa Cruz,Finca Mario Piu,-0.702963,-90.354939,179.88,
14348,3/2/2023,Paúl Mayorga,metro,,,,,,586,18,5.729564553,34,,Bueno,,Santa Cruz,Finca Mario Piu,-0.703062,-90.354863,179.72,
14349,3/2/2023,Paúl Mayorga,metro,,,,,,522,31,9.867583397,31,,Bueno,,Santa Cruz,Finca Mario Piu,-0.703218,-90.354902,179.06,
14351,3/2/2023,Paúl Mayorga,metro,,,,,,500,28,8.912655971,45,,Bueno,,Santa Cruz,Finca Mario Piu,-0.703491,-90.354717,180.58,
14352,3/2/2023,Paúl Mayorga,metro,,,,,,468,26,8.276037688,32,,Bueno,,Santa Cruz,Finca Mario Piu,-0.703419,-90.354586,182.83,
14353,3/2/2023,Paúl Mayorga,metro,,,,,,598,24,7.639419404,38,,Bueno,,Santa Cruz,Finca Mario Piu,-0.703548,-90.354446,181.87,
14354,3/2/2023,Paúl Mayorga,metro,,,,,,450,28,8.912655971,25,,Bueno,,Santa Cruz,Finca Mario Piu,-0.703539,-90.354445,182.02,
14356,3/2/2023,Paúl Mayorga,metro,,,,,,450,17.5,5.570409982,19,,Bueno,,Santa Cruz,Finca Mario Piu,-0.703443,-90.354449,181.46,
14357,3/2/2023,Paúl Mayorga,metro,,,,,,508,29,9.230965113,34,,Bueno,,Santa Cruz,Finca Mario Piu,-0.703349,-90.354636,177.24,
14359,3/2/2023,Paúl Mayorga,metro,,,,,,500,25,7.957728546,38,,Bueno,,Santa Cruz,Finca Mario Piu,-0.703207,-90.354764,173.73,
14360,3/2/2023,Paúl Mayorga,metro,,,,,,586,15,4.774637128,26,,Bueno,,Santa Cruz,Finca Mario Piu,-0.703097,-90.354678,175.36,
14362,3/2/2023,Paúl Mayorga,metro,,,,,,489,14.5,4.615482557,25,,Bueno,,Santa Cruz,Finca Mario Piu,-0.703006,-90.354733,175.36,
14364,3/2/2023,Paúl Mayorga,metro,,,,,,475,22,7.00280112,24,,Bueno,,Santa Cruz,Finca Mario Piu,-0.702903,-90.354756,172.94,
14365,3/2/2023,Paúl Mayorga,metro,,,,,,500,18,5.729564553,30,,Bueno,,Santa Cruz,Finca Mario Piu,-0.702928,-90.354817,170.88,
14366,3/2/2023,Paúl Mayorga,metro,,,,,,450,19,6.047873695,29,,Bueno,,Santa Cruz,Finca Mario Piu,-0.702788,-90.354806,175.77,
14367,3/2/2023,Paúl Mayorga,metro,,,,,,485,25,7.957728546,32,,Bueno,,Santa Cruz,Finca Mario Piu,-0.702986,-90.355839,170.99,
14368,3/2/2023,Paúl Mayorga,metro,,,,,,455,28,8.912655971,32,,Bueno,,Santa Cruz,Finca Mario Piu,-0.702979,-90.355842,171.37,
14369,3/2/2023,Paúl Mayorga,metro,,,,,,435,18,5.729564553,23,,Bueno,,Santa Cruz,Finca Mario Piu,-0.702979,-90.355842,171.37,
14370,3/2/2023,Paúl Mayorga,metro,,,,,,458,25,7.957728546,29,,Bueno,,Santa Cruz,Finca Mario Piu,-0.702931,-90.355951,169.93,
14371,3/2/2023,Paúl Mayorga,metro,,,,,,285,18,5.729564553,28,,Bueno,,Santa Cruz,Finca Mario Piu,-0.702877,-90.355839,169.42,
14372,3/2/2023,Paúl Mayorga,metro,,,,,,315,15,4.774637128,32,,Bueno,,Santa Cruz,Finca Mario Piu,-0.70302,-90.355678,168.82,
14374,3/2/2023,Paúl Mayorga,metro,,,,,,508,25,7.957728546,31,,Bueno,,Santa Cruz,Finca Mario Piu,-0.703066,-90.355552,166.17,
14375,3/2/2023,Paúl Mayorga,metro,,,,,,503,28,8.912655971,38,,Bueno,,Santa Cruz,Finca Mario Piu,-0.703333,-90.355436,170.82,
14376,3/2/2023,Paúl Mayorga,metro,,,,,,323,31,9.867583397,31,,Bueno,,Santa Cruz,Finca Mario Piu,-0.703336,-90.355441,171.12,
14377,3/2/2023,Paúl Mayorga,metro,,,,,,526,28,8.912655971,38,,Bueno,,Santa Cruz,Finca Mario Piu,-0.703335,-90.355439,171.37,
14378,3/2/2023,Paúl Mayorga,metro,,,,,,334,26,8.276037688,39,,Bueno,,Santa Cruz,Finca Mario Piu,-0.703353,-90.355455,171.53,
232,18/4/2023,Danyer Zambrano,metro,,,,,,599,36,11.4591559,37,,Bueno,,Floreana,Anibal Sanmiguel,,,,
258,18/4/2023,Danyer Zambrano,metro,,,,,,588,60,19.09859317,40,,Bueno,,Floreana,Anibal Sanmiguel,,,,
273,18/4/2023,Danyer Zambrano,metro,,,,,,604,34,10.82253613,30,,Bueno,,Floreana,Anibal Sanmiguel,,,,
294,18/4/2023,Danyer Zambrano,metro,,,,,,715,42,13.36901522,48,,Bueno,,Floreana,Anibal Sanmiguel,,,,
296,18/4/2023,Danyer Zambrano,metro,,,,,,630,47,14.96056465,106,,Bueno,,Floreana,Anibal Sanmiguel,,,,
310,18/4/2023,Danyer Zambrano,metro,,,,,,720,50,15.91549431,52,,Bueno,,Floreana,Anibal Sanmiguel,,,,
311,18/4/2023,Danyer Zambrano,metro,,,,,,789,36,11.4591559,40,,Bueno,,Floreana,Anibal Sanmiguel,,,,
312,18/4/2023,Danyer Zambrano,metro,,,,,,824.5,31,9.867606472,36,,Bueno,,Floreana,Anibal Sanmiguel,,,,
318,18/4/2023,Danyer Zambrano,metro,,,,,,766,27,8.594366927,38,,Bueno,,Floreana,Anibal Sanmiguel,,,,
337,18/4/2023,Danyer Zambrano,metro,,,,,,640,18,5.729577951,27,,Bueno,,Floreana,Anibal Sanmiguel,,,,
339,18/4/2023,Danyer Zambrano,metro,,,,,,510,21,6.68450761,33,,Bueno,,Floreana,Anibal Sanmiguel,,,,
367,18/4/2023,Danyer Zambrano,metro,,,,,,755,36,11.4591559,46,,Bueno,,Floreana,Anibal Sanmiguel,,,,
371,18/4/2023,Danyer Zambrano,metro,,,,,,802,32,10.18591636,51,,Bueno,,Floreana,Anibal Sanmiguel,,,,
375,18/4/2023,Danyer Zambrano,metro,,,,,,740,66,21.00845249,70,,Bueno,,Floreana,Anibal Sanmiguel,,,,
376,18/4/2023,Danyer Zambrano,metro,,,,,,679,32,10.18591636,64,,Bueno,,Floreana,Anibal Sanmiguel,,,,
377,18/4/2023,Danyer Zambrano,metro,,,,,,680,45,14.32394488,72,,Bueno,,Floreana,Anibal Sanmiguel,,,,
383,18/4/2023,Danyer Zambrano,metro,,,,,,826,26,8.276057041,42,,Bueno,,Floreana,Anibal Sanmiguel,,,,
385,18/4/2023,Danyer Zambrano,metro,,,,,,820,37,11.77746579,53,,Bueno,,Floreana,Anibal Sanmiguel,,,,
387,18/4/2023,Danyer Zambrano,metro,,,,,,812,48,15.27887454,74,,Bueno,,Floreana,Anibal Sanmiguel,,,,
388,18/4/2023,Danyer Zambrano,metro,,,,,,680,71,22.60000192,58,,Bueno,,Floreana,Anibal Sanmiguel,,,,
392,18/4/2023,Danyer Zambrano,metro,,,,,,743,41,13.05070533,56,,Bueno,,Floreana,Anibal Sanmiguel,,,,
393,18/4/2023,Danyer Zambrano,metro,,,,,,725,52,16.55211408,66,,Bueno,,Floreana,Anibal Sanmiguel,,,,
394,18/4/2023,Danyer Zambrano,metro,,,,,,712,48,15.27887454,72,,Bueno,,Floreana,Anibal Sanmiguel,,,,
395,18/4/2023,Danyer Zambrano,metro,,,,,,815,33,10.50422624,46,,Bueno,,Floreana,Anibal Sanmiguel,,,,
399,18/4/2023,Danyer Zambrano,metro,,,,,,854,47,14.96056465,65,,Bueno,,Floreana,Anibal Sanmiguel,,,,
401,18/4/2023,Danyer Zambrano,metro,,,,,,0,0,0,0,,muerto,,Floreana,Anibal Sanmiguel,,,,
404,18/4/2023,Danyer Zambrano,metro,,,,,,0,0,0,0,,muerto,,Floreana,Anibal Sanmiguel,,,,
408,18/4/2023,Danyer Zambrano,metro,,,,,,0,0,0,0,,muerto,,Floreana,Anibal Sanmiguel,,,,
415,18/4/2023,Danyer Zambrano,metro,,,,,,678,40,12.73239545,62,,Bueno,,Floreana,Anibal Sanmiguel,,,,
416,18/4/2023,Danyer Zambrano,metro,,,,,,686,69,21.96338215,78,,Bueno,,Floreana,Anibal Sanmiguel,,,,
418,18/4/2023,Danyer Zambrano,metro,,,,,,603,41,13.05070533,54,,Bueno,,Floreana,Anibal Sanmiguel,,,,
419,18/4/2023,Danyer Zambrano,metro,,,,,,0,0,0,0,,muerto,,Floreana,Anibal Sanmiguel,,,,
420,18/4/2023,Danyer Zambrano,metro,,,,,,718,32,10.18591636,44,,Bueno,,Floreana,Anibal Sanmiguel,,,,
423,18/4/2023,Danyer Zambrano,metro,,,,,,745,54,17.18873385,104,,Bueno,,Floreana,Anibal Sanmiguel,,,,
463,18/4/2023,Danyer Zambrano,metro,,,,,,528,36,11.4591559,52,,Bueno,,Floreana,Anibal Sanmiguel,,,,
464,18/4/2023,Danyer Zambrano,metro,,,,,,506,47,14.96056465,30,,Bueno,,Floreana,Anibal Sanmiguel,,,,
465,18/4/2023,Danyer Zambrano,metro,,,,,,593,112,35.65070725,72,,Bueno,,Floreana,Anibal Sanmiguel,,,,
473,18/4/2023,Danyer Zambrano,metro,,,,,,625,47,14.96056465,86,,Bueno,,Floreana,Anibal Sanmiguel,,,,
477,18/4/2023,Danyer Zambrano,metro,,,,,,915,52,16.55211408,64,,Bueno,,Floreana,Anibal Sanmiguel,,,,
479,18/4/2023,Danyer Zambrano,metro,,,,,,821,36,11.4591559,50,,Bueno,,Floreana,Anibal Sanmiguel,,,,
480,18/4/2023,Danyer Zambrano,metro,,,,,,819,70,22.28169203,112,,Bueno,,Floreana,Anibal Sanmiguel,,,,
482,18/4/2023,Danyer Zambrano,metro,,,,,,0,0,0,0,,muerto,,Floreana,Anibal Sanmiguel,,,,
484,18/4/2023,Danyer Zambrano,metro,,,,,,770,32,10.18591636,79,,Bueno,,Floreana,Anibal Sanmiguel,,,,
487,18/4/2023,Danyer Zambrano,metro,,,,,,0,0,0,0,,muerto,,Floreana,Anibal Sanmiguel,,,,
489,18/4/2023,Danyer Zambrano,metro,,,,,,665,32,10.18591636,80,,Bueno,,Floreana,Anibal Sanmiguel,,,,
522,18/4/2023,Danyer Zambrano,metro,,,,,,586,52,16.55211408,60,,Bueno,,Floreana,Anibal Sanmiguel,,,,
523,18/4/2023,Danyer Zambrano,metro,,,,,,821,60,19.09859317,87,,Bueno,,Floreana,Anibal Sanmiguel,,,,
525,18/4/2023,Danyer Zambrano,metro,,,,,,678,46,14.64225476,68,,Bueno,,Floreana,Anibal Sanmiguel,,,,
528,18/4/2023,Danyer Zambrano,metro,,,,,,,,0,0,,muerto,,Floreana,Anibal Sanmiguel,,,,
14314,23/10/2023,Sharon López,metro,,,,,,548,34,10.82253613,46,14.64225476,Bueno,,Santa Cruz,Finca Mario Piu 2,,,,
14331,23/10/2023,Sharon López,metro,,,,,,565,34,10.82253613,42,13.36901522,Bueno,,Santa Cruz,Finca Mario Piu 2,,,,
14330,23/10/2023,Sharon López,metro,,,,,,403,18,5.729577951,20,6.366197724,Bueno,,Santa Cruz,Finca Mario Piu 2,,,,
14346,23/10/2023,Sharon López,metro,,,,,,492,38,12.09577567,52,16.55211408,Bueno,,Santa Cruz,Finca Mario Piu 2,,,,
14345,23/10/2023,Sharon López,metro,,,,,,594,28,8.912676813,32,10.18591636,Bueno,,Santa Cruz,Finca Mario Piu 2,,,,
14347,23/10/2023,Sharon López,metro,,,,,,536,35,11.14084602,47,14.96056465,Bueno,,Santa Cruz,Finca Mario Piu 2,,,,
14365,23/10/2023,Sharon López,metro,,,,,,622,32,10.18591636,37,11.77746579,Bueno,,Santa Cruz,Finca Mario Piu 2,,,,
14364,23/10/2023,Sharon López,metro,,,,,,539,30,9.549296586,32,10.18591636,Bueno,,Santa Cruz,Finca Mario Piu 2,,,,
14326,23/10/2023,Sharon López,metro,,,,,,520,27,8.594366927,37,11.77746579,Bueno,,Santa Cruz,Finca Mario Piu 2,,,,
14329,23/10/2023,Sharon López,metro,,,,,,523,29,9.230986699,36,11.4591559,Bueno,,Santa Cruz,Finca Mario Piu 2,,,,
14325,23/10/2023,Sharon López,metro,,,,,,700,40,12.73239545,53,16.87042397,Bueno,,Santa Cruz,Finca Mario Piu 2,,,,
14328,23/10/2023,Sharon López,metro,,,,,,690,36,11.4591559,44,14.00563499,Bueno,,Santa Cruz,Finca Mario Piu 2,,,,
14327,23/10/2023,Sharon López,metro,,,,,,673,45,14.32394488,54,17.18873385,Bueno,,Santa Cruz,Finca Mario Piu 2,,,,
14324,23/10/2023,Sharon López,metro,,,,,,675,38,12.09577567,42,13.36901522,Bueno,,Santa Cruz,Finca Mario Piu 2,,,,
14322,23/10/2023,Sharon López,metro,,,,,,569,37,11.77746579,47,14.96056465,Bueno,,Santa Cruz,Finca Mario Piu 2,,,,
14321,23/10/2023,Sharon López,metro,,,,,,500,30,9.549296586,47,14.96056465,Bueno,,Santa Cruz,Finca Mario Piu 2,,,,
14320,23/10/2023,Sharon López,metro,,,,,,589,37,11.77746579,44,14.00563499,Bueno,,Santa Cruz,Finca Mario Piu 2,,,,
14337,23/10/2023,Sharon López,metro,,,,,,435,25,7.957747155,23,7.321127382,Bueno,,Santa Cruz,Finca Mario Piu 2,,,,
14336,23/10/2023,Sharon López,metro,,,,,,429,26,8.276057041,33,10.50422624,Bueno,,Santa Cruz,Finca Mario Piu 2,,,,
14335,23/10/2023,Sharon López,metro,,,,,,332,35,11.14084602,46,14.64225476,Bueno,,Santa Cruz,Finca Mario Piu 2,,,,
14350,23/10/2023,Sharon López,metro,,,,,,725,34,10.82253613,36,11.4591559,Bueno,,Santa Cruz,Finca Mario Piu 2,,,,
14354,23/10/2023,Sharon López,metro,,,,,,740,32,10.18591636,30,9.549296586,Bueno,,Santa Cruz,Finca Mario Piu 2,,,,
14356,23/10/2023,Sharon López,metro,,,,,,597,20,6.366197724,23,7.321127382,Bueno,,Santa Cruz,Finca Mario Piu 2,,,,
14353,23/10/2023,Sharon López,metro,,,,,,730,37,11.77746579,43,13.68732511,Bueno,,Santa Cruz,Finca Mario Piu 2,,,,
14352,23/10/2023,Sharon López,metro,,,,,,658,29,9.230986699,37,11.77746579,Bueno,,Santa Cruz,Finca Mario Piu 2,,,,
14357,23/10/2023,Sharon López,metro,,,,,,720,38,12.09577567,41,13.05070533,Bueno,,Santa Cruz,Finca Mario Piu 2,,,,
14314,23/10/2023,Sharon López,metro,,,,,,519,36,11.4591559,37,11.77746579,Bueno,,Santa Cruz,Finca Mario Piu 2,,,,
14299,23/10/2023,Sharon López,metro,,,,,,648,30,9.549296586,50,15.91549431,Bueno,,Santa Cruz,Finca Mario Piu 2,,,,
14301,23/10/2023,Sharon López,metro,,,,,,632,31,9.867606472,38,12.09577567,Bueno,,Santa Cruz,Finca Mario Piu 2,,,,
14302,23/10/2023,Sharon López,metro,,,,,,594,30,9.549296586,41,13.05070533,Bueno,,Santa Cruz,Finca Mario Piu 2,,,,
14304,23/10/2023,Sharon López,metro,,,,,,630,29,9.230986699,42,13.36901522,Bueno,,Santa Cruz,Finca Mario Piu 2,,,,
14307,23/10/2023,Sharon López,metro,,,,,,720,42,13.36901522,57,18.14366351,Bueno,,Santa Cruz,Finca Mario Piu 2,,,,
14318,23/10/2023,Sharon López,metro,,,,,,423,30,9.549296586,43,13.68732511,Bueno,,Santa Cruz,Finca Mario Piu 2,,,,
14319,23/10/2023,Sharon López,metro,,,,,,637,29,9.230986699,48,15.27887454,Bueno,,Santa Cruz,Finca Mario Piu 2,,,,
14332,23/10/2023,Sharon López,metro,,,,,,584,43,13.68732511,51,16.2338042,Bueno,,Santa Cruz,Finca Mario Piu 2,,,,
14342,23/10/2023,Sharon López,metro,,,,,,625,46.32493929,14.74568615,39,12.41408556,Bueno,"3 ramas: 27,29,24",Santa Cruz,Finca Mario Piu 2,,,,
14341,23/10/2023,Sharon López,metro,,,,,,681,43,13.68732511,47,14.96056465,Bueno,,Santa Cruz,Finca Mario Piu 2,,,,
14334,23/10/2023,Sharon López,metro,,,,,,601,37,11.77746579,42,13.36901522,Bueno,,Santa Cruz,Finca Mario Piu 2,,,,
14340,23/10/2023,Sharon López,metro,,,,,,625,38,12.09577567,43,13.68732511,Bueno,,Santa Cruz,Finca Mario Piu 2,,,,
14351,23/10/2023,Sharon López,metro,,,,,,655,40,12.73239545,43,13.68732511,Bueno,,Santa Cruz,Finca Mario Piu 2,,,,
14358,23/10/2023,Sharon López,metro,,,,,,598,31,9.867606472,47,14.96056465,Bueno,,Santa Cruz,Finca Mario Piu 2,,,,
14360,23/10/2023,Sharon López,metro,,,,,,625,28,8.912676813,32,10.18591636,Bueno,,Santa Cruz,Finca Mario Piu 2,,,,
14374,23/10/2023,Sharon López,metro,,,,,,548,34,10.82253613,38,12.09577567,Bueno,,Santa Cruz,Finca Mario Piu 2,,,,
14371,23/10/2023,Sharon López,metro,,,,,,302,27,8.594366927,32,10.18591636,Bueno,,Santa Cruz,Finca Mario Piu 2,,,,
14369,23/10/2023,Sharon López,metro,,,,,,486,32,10.18591636,35,11.14084602,Bueno,,Santa Cruz,Finca Mario Piu 2,,,,
14368,23/10/2023,Sharon López,metro,,,,,,510,38,12.09577567,40,12.73239545,Bueno,,Santa Cruz,Finca Mario Piu 2,,,,
14300,23/10/2023,Sharon López,metro,,,,,,525,25,7.957747155,38,12.09577567,Bueno,,Santa Cruz,Finca Mario Piu 2,,,,
14305,23/10/2023,Sharon López,metro,,,,,,602,34,10.82253613,40,12.73239545,Bueno,,Santa Cruz,Finca Mario Piu 2,,,,
14315,23/10/2023,Sharon López,metro,,,,,,508,32,10.18591636,38,12.09577567,Bueno,,Santa Cruz,Finca Mario Piu 2,,,,
14362,23/10/2023,Sharon López,metro,,,,,,585,38,12.09577567,41,13.05070533,Bueno,,Santa Cruz,Finca Mario Piu 2,,,,
14359,23/10/2023,Sharon López,metro,,,,,,584,32,10.18591636,35,11.14084602,Bueno,,Santa Cruz,Finca Mario Piu 2,,,,
14363,23/10/2023,Sharon López,metro,,,,,,602,38,12.09577567,45,14.32394488,Bueno,,Santa Cruz,Finca Mario Piu 2,,,,
14348,23/10/2023,Sharon López,metro,,,,,,678,42,13.36901522,44,14.00563499,Bueno,,Santa Cruz,Finca Mario Piu 2,,,,
14349,23/10/2023,Sharon López,metro,,,,,,654,38,12.09577567,42,13.36901522,Bueno,,Santa Cruz,Finca Mario Piu 2,,,,
14372,23/10/2023,Sharon López,metro,,,,,,485,23,7.321127382,31,9.867606472,Bueno,,Santa Cruz,Finca Mario Piu 2,,,,
14366,23/10/2023,Sharon López,metro,,,,,,562,32,10.18591636,38,12.09577567,Bueno,,Santa Cruz,Finca Mario Piu 2,,,,
14308,23/10/2023,Sharon López,metro,,,,,,685,42,13.36901522,44,14.00563499,Bueno,,Santa Cruz,Finca Mario Piu 2,,,,
14317,23/10/2023,Sharon López,metro,,,,,,592,32,10.18591636,36,11.4591559,Bueno,,Santa Cruz,Finca Mario Piu 2,,,,
14311,23/10/2023,Sharon López,metro,,,,,,692,40,12.73239545,45,14.32394488,Bueno,,Santa Cruz,Finca Mario Piu 2,,,,
14313,23/10/2023,Sharon López,metro,,,,,,500,28,8.912676813,35,11.14084602,Bueno,,Santa Cruz,Finca Mario Piu 2,,,,
14367,23/10/2023,Sharon López,metro,,,,,,566,31,9.867606472,37,11.77746579,Bueno,,Santa Cruz,Finca Mario Piu 2,,,,
14323,23/10/2023,Sharon López,metro,,,,,,722,44,14.00563499,48,15.27887454,Bueno,,Santa Cruz,Finca Mario Piu 2,,,,
14310,23/10/2023,Sharon López,metro,,,,,,585,27,8.594366927,31,9.867606472,Bueno,,Santa Cruz,Finca Mario Piu 2,,,,
14370,23/10/2023,Sharon López,metro,,,,,,615,33,10.50422624,35,11.14084602,Bueno,,Santa Cruz,Finca Mario Piu 2,,,,
14375,23/10/2023,Sharon López,metro,,,,,,622,40,12.73239545,42,13.36901522,Bueno,,Santa Cruz,Finca Mario Piu 2,,,,
14377,23/10/2023,Sharon López,metro,,,,,,649,43,13.68732511,48,15.27887454,Bueno,,Santa Cruz,Finca Mario Piu 2,,,,
14378,23/10/2023,Sharon López,metro,,,,,,510,27,8.594366927,35,11.14084602,Bueno,,Santa Cruz,Finca Mario Piu 2,,,,
9640,19/10/2023,Sharon López,metro,,,,,,1095,59,18.78028328,72,22.91831181,Bueno,,Santa Cruz,Finca Mario Piu 2,,,,
9639,19/10/2023,Sharon López,metro,,,,,,952,60,19.09859317,66,21.00845249,Bueno,,Santa Cruz,Finca Mario Piu ,,,,
9645,19/10/2023,Sharon López,metro,,,,,,,52,16.55211408,70,22.28169203,Muerto,Muerto,Santa Cruz,Finca Mario Piu ,,,,
9649,19/10/2023,Sharon López,metro,,,,,,628,42.72001873,13.5982043,60,19.09859317,Bueno,"3 ramas: 30,21,22",Santa Cruz,Finca Mario Piu ,,,,
9652,19/10/2023,Sharon López,metro,,,,,,668,42.52058325,13.53472202,53,16.87042397,Bueno,"2 ramas: 28,32",Santa Cruz,Finca Mario Piu ,,,,
9655,19/10/2023,Sharon López,metro,,,,,,,35,11.14084602,45,14.32394488,Muerto,Muerto,Santa Cruz,Finca Mario Piu ,,,,
9657,19/10/2023,Sharon López,metro,,,,,,,32,10.18591636,48,15.27887454,Muerto,Muerto,Santa Cruz,Finca Mario Piu ,,,,
9677,19/10/2023,Sharon López,metro,,,,,,1000,67,21.32676237,74,23.55493158,Bueno,,Santa Cruz,Finca Mario Piu ,,,,
9664,19/10/2023,Sharon López,metro,,,,,,,59.74110812,19.01618533,65,20.6901426,Muerto,"Muerto 3 ramas: 38,35,30",Santa Cruz,Finca Mario Piu ,,,,
9666,19/10/2023,Sharon López,metro,,,,,,,40,12.73239545,48,15.27887454,Muerto,Muerto,Santa Cruz,Finca Mario Piu ,,,,
9806,19/10/2023,Sharon López,metro,,,,,,,,,,,Muerto,Muerto,Santa Cruz,Finca Mario Piu ,,,,
9812,19/10/2023,Sharon López,metro,,,,,,,,,,,Muerto,Muerto,Santa Cruz,Finca Mario Piu ,,,,
9680,19/10/2023,Sharon López,metro,,,,,,,,,,,Muerto,Muerto,Santa Cruz,Finca Mario Piu ,,,,
9817,19/10/2023,Sharon López,metro,,,,,,968,58,18.46193023,63,20.053527,Bueno,,Santa Cruz,Finca Mario Piu ,,,,
9719,19/10/2023,Sharon López,metro,,,,,,,,,,,Muerto,Muerto,Santa Cruz,Finca Mario Piu ,,,,
9688,19/10/2023,Sharon López,metro,,,,,,,,,,,Muerto,Muerto,Santa Cruz,Finca Mario Piu ,,,,
9686,19/10/2023,Sharon López,metro,,,,,,,,,,,Muerto,Muerto,Santa Cruz,Finca Mario Piu ,,,,
9736,19/10/2023,Sharon López,metro,,,,,,,,,,,Muerto,Muerto,Santa Cruz,Finca Mario Piu ,,,,
9731,19/10/2023,Sharon López,metro,,,,,,986,50.93132631,16.21194468,61,19.4169071,Bueno,"2 ramas:  35, 37",Santa Cruz,Finca Mario Piu ,,,,
7811,19/10/2023,Sharon López,metro,,,,,,730,51.11751168,16.27120932,57,18.14366729,Bueno,"4 ramas: 31,24,26,20",Santa Cruz,Finca Mario Piu ,,,,
9756,19/10/2023,Sharon López,metro,,,,,,820,60.71243695,19.32536889,86,27.37465591,Bueno,"3 ramas: 31,31,42",Santa Cruz,Finca Mario Piu ,,,,
9609,19/10/2023,Sharon López,metro,,,,,,,,,,,Muerto,Muerto,Santa Cruz,Finca Mario Piu ,,,,
9799,19/10/2023,Sharon López,metro,,,,,,,,,,,Muerto,Muerto,Santa Cruz,Finca Mario Piu ,,,,
9760,19/10/2023,Sharon López,metro,,,,,,,,,,,Muerto,Muerto,Santa Cruz,Finca Mario Piu ,,,,
9767,19/10/2023,Sharon López,metro,,,,,,942,37,11.77743825,42,13.369018,Bueno,,Santa Cruz,Finca Mario Piu ,,,,
9783,19/10/2023,Sharon López,metro,,,,,,820,29,9.230965113,32,10.18591848,Bueno,,Santa Cruz,Finca Mario Piu ,,,,
9780,19/10/2023,Sharon López,metro,,,,,,,,,,,Muerto,Muerto,Santa Cruz,Finca Mario Piu ,,,,
9775,19/10/2023,Sharon López,metro,,,,,,934,36,11.45912911,41,13.05070805,Bueno,,Santa Cruz,Finca Mario Piu ,,,,
9776,19/10/2023,Sharon López,metro,,,,,,,,,,,Muerto,Muerto,Santa Cruz,Finca Mario Piu ,,,,
9773,19/10/2023,Sharon López,metro,,,,,,873,32,10.18589254,41,13.05070805,Bueno,,Santa Cruz,Finca Mario Piu ,,,,
9771,19/10/2023,Sharon López,metro,,,,,,820,25,7.957728546,37,11.77746824,Bueno,,Santa Cruz,Finca Mario Piu ,,,,
9749,20/10/2023,Sharon López,metro,,,,,,1010,33,10.50420168,38,12.09577819,Bueno,,Santa Cruz,Finca Mario Piu ,,,,
9745,21/10/2023,Sharon López,metro,,,,,,788,43,13.6872931,55,17.50704738,Bueno,,Santa Cruz,Finca Mario Piu ,,,,
9774,22/10/2023,Sharon López,metro,,,,,,,,,,,Muerto,Muerto,,Finca Mario Piu ,,,,
16992,2/11/2023,Sharon López,metro,,,,,,180,27.6,8.785332315,27.6,8.785354686,Bueno,,San Cristóbal,Finca Amangala ,,,,
16276,2/11/2023,Sharon López,metro,,,,,,50,3.4,1.082251082,3.4,1.082253838,Bueno,,San Cristóbal,Finca Amangala ,,,,
16278,2/11/2023,Sharon López,metro,,,,,,176,23.6,7.512095747,23.6,7.512114877,Bueno,,San Cristóbal,Finca Amangala ,,,,
16277,2/11/2023,Sharon López,metro,,,,,,215,27.6,8.785332315,27.6,8.785354686,Bueno,,San Cristóbal,Finca Amangala ,,,,
16279,2/11/2023,Sharon López,metro,,,,,,144,21.5,6.84364655,21.5,6.843663977,Bueno,,San Cristóbal,Finca Amangala ,,,,
16280,2/11/2023,Sharon López,metro,,,,,,183,23.4,7.448433919,23.4,7.448452886,Bueno,,San Cristóbal,Finca Amangala ,,,,
16288,2/11/2023,Sharon López,metro,,,,,,207,21.3,6.779984721,21.3,6.780001986,Bueno,,San Cristóbal,Finca Amangala ,,,,
16303,2/11/2023,Sharon López,metro,,,,,,181,20.8,6.62083015,20.8,6.62084701,Bueno,,San Cristóbal,Finca Amangala ,,,,
16287,2/11/2023,Sharon López,metro,,,,,,195,29.74357073,9.467672615,41,13.05070805,Bueno,"2 ramas desde la base: 15.8,25.2",San Cristóbal,Finca Amangala ,,,,
16307,2/11/2023,Sharon López,metro,,,,,,134,12,3.819709702,12,3.819719429,Bueno,,San Cristóbal,Finca Amangala ,,,,
16306,2/11/2023,Sharon López,metro,,,,,,220,28.5,9.071810542,28.5,9.071833644,Bueno,,San Cristóbal,Finca Amangala ,,,,
16317,2/11/2023,Sharon López,metro,,,,,,206,20,6.366182837,20,6.366199048,Bueno,,San Cristóbal,Finca Amangala ,,,,
16325,2/11/2023,Sharon López,metro,,,,,,132,24.4,7.766743061,24.4,7.766762839,Bueno,,San Cristóbal,Finca Amangala ,,,,
16338,2/11/2023,Sharon López,metro,,,,,,,24.5,7.798573975,24.5,7.798593834,Bueno,No se tomó altura ,San Cristóbal,Finca Amangala ,,,,
16348,2/11/2023,Sharon López,metro,,,,,,166,22,7.00280112,22,7.002818953,Bueno,,San Cristóbal,Finca Amangala ,,,,
16368,2/11/2023,Sharon López,metro,,,,,,178,16.2,5.156608098,16.2,5.156621229,Bueno,,San Cristóbal,Finca Amangala ,,,,
16425,2/11/2023,Sharon López,metro,,,,,,236,20.5,6.525337408,20.5,6.525354024,Bueno,,San Cristóbal,Finca Amangala ,,,,
16369,2/11/2023,Sharon López,metro,,,,,,212,116.8,37.17850777,116.8,37.17860244,Bueno,,San Cristóbal,Finca Amangala ,,,,
16432,2/11/2023,Sharon López,metro,,,,,,234,18.2,5.793226381,18.2,5.793241134,Bueno,,San Cristóbal,Finca Amangala ,,,,
16431,2/11/2023,Sharon López,metro,,,,,,221,25,7.957728546,25,7.95774881,Bueno,,San Cristóbal,Finca Amangala ,,,,
16444,2/11/2023,Sharon López,metro,,,,,,215,23.4,7.448433919,23.4,7.448452886,Bueno,,San Cristóbal,Finca Amangala ,,,,
16445,2/11/2023,Sharon López,metro,,,,,,216,18,5.729564553,18,5.729579143,Bueno,,San Cristóbal,Finca Amangala ,,,,
16361,2/11/2023,Sharon López,metro,,,,,,210,20.55261541,6.54210067,28.9,9.199157625,Bueno,"2 ramas desde la base: 12.9,16",San Cristóbal,Finca Amangala ,,,,
16360,2/11/2023,Sharon López,metro,,,,,,251,16.19907405,5.156325416,18.7,5.95239611,Bueno,"4 ramas desde el pecho: 8.4, 7.1, 8.8, 8",San Cristóbal,Finca Amangala ,,,,
16359,2/11/2023,Sharon López,metro,,,,,,283,23.4,7.448433919,23.4,7.448452886,Bueno,,San Cristóbal,Finca Amangala ,,,,
16346,2/11/2023,Sharon López,metro,,,,,,180,19.2,6.111535523,19.2,6.111551086,Bueno,,San Cristóbal,Finca Amangala ,,,,
16345,2/11/2023,Sharon López,metro,,,,,,250,25.8,8.212375859,25.8,8.212396772,Bueno,,San Cristóbal,Finca Amangala ,,,,
16344,2/11/2023,Sharon López,metro,,,,,,310,19.83633031,6.314100042,20.3,6.461692034,Bueno,"4 ramas desde el pecho: 9.7,10.9,9.3,9.7",San Cristóbal,Finca Amangala ,,,,
16349,2/11/2023,Sharon López,metro,,,,,,215,17.2,5.47491724,17.2,5.474931181,Bueno,,San Cristóbal,Finca Amangala ,,,,
16342,2/11/2023,Sharon López,metro,,,,,,231,37.3,11.87293099,37.3,11.87296122,Bueno,,San Cristóbal,Finca Amangala ,,,,
16341,2/11/2023,Sharon López,metro,,,,,,158,16.9,5.379424497,16.9,5.379438196,Bueno,,San Cristóbal,Finca Amangala ,,,,
16340,2/11/2023,Sharon López,metro,,,,,,170,22.1,7.034632035,22.1,7.034649948,Bueno,,San Cristóbal,Finca Amangala ,,,,
16347,2/11/2023,Sharon López,metro,,,,,,230,24.3,7.734912147,24.3,7.734931843,Bueno,,San Cristóbal,Finca Amangala ,,,,
16339,2/11/2023,Sharon López,metro,,,,,,,22.3,7.098293863,22.3,7.098311939,Bueno,No se tomó altura ,San Cristóbal,Finca Amangala ,,,,
16329,2/11/2023,Sharon López,metro,,,,,,158,24.5,7.798573975,35.5,11.30000331,Bueno,,San Cristóbal,Finca Amangala ,,,,
16331,2/11/2023,Sharon López,metro,,,,,,200,9.8,3.11942959,9.8,3.119437534,Bueno,,San Cristóbal,Finca Amangala ,,,,
16327,2/11/2023,Sharon López,metro,,,,,,200,31.3,9.96307614,31.3,9.96310151,Bueno,,San Cristóbal,Finca Amangala ,,,,
16330,2/11/2023,Sharon López,metro,,,,,,182,21.7,6.907308378,21.7,6.907325967,Bueno,,San Cristóbal,Finca Amangala ,,,,
16314,2/11/2023,Sharon López,metro,,,,,,170,26.1,8.307868602,26.1,8.307889758,Bueno,,San Cristóbal,Finca Amangala ,,,,
16315,2/11/2023,Sharon López,metro,,,,,,210,25.2,8.021390374,25.2,8.021410801,Bueno,,San Cristóbal,Finca Amangala ,,,,
16316,2/11/2023,Sharon López,metro,,,,,,240,18.4,5.85688821,18.4,5.856903124,Bueno,,San Cristóbal,Finca Amangala ,,,,
16317,2/11/2023,Sharon López,metro,,,,,,206,19.8,6.302521008,19.8,6.302537058,Bueno,,San Cristóbal,Finca Amangala ,,,,
16326,2/11/2023,Sharon López,metro,,,,,,188,19,6.047873695,19,6.047889096,Bueno,,San Cristóbal,Finca Amangala ,,,,
16308,2/11/2023,Sharon López,metro,,,,,,216,33.3,10.59969442,33.3,10.59972142,Bueno,,San Cristóbal,Finca Amangala ,,,,
16310,2/11/2023,Sharon López,metro,,,,,,190,17.4,5.538579068,17.4,5.538593172,Bueno,,San Cristóbal,Finca Amangala ,,,,
16309,2/11/2023,Sharon López,metro,,,,,,240,32,10.18589254,32,10.18591848,Bueno,,San Cristóbal,Finca Amangala ,,,,
16284,2/11/2023,Sharon López,metro,,,,,,186,13,4.138018844,13,4.138029381,Bueno,,San Cristóbal,Finca Amangala ,,,,
16283,2/11/2023,Sharon López,metro,,,,,,124,13.9,4.424497072,13.9,4.424508338,Bueno,,San Cristóbal,Finca Amangala ,,,,
16296,2/11/2023,Sharon López,metro,,,,,,114,10.4,3.310415075,10.4,3.310423505,Bueno,,San Cristóbal,Finca Amangala ,,,,
16271,2/11/2023,Sharon López,metro,,,,,,70,17.5,5.570409982,17.5,5.570424167,Bueno,,San Cristóbal,Finca Amangala ,,,,
16272,2/11/2023,Sharon López,metro,,,,,,176,21,6.684491979,21,6.684509001,Bueno,,San Cristóbal,Finca Amangala ,,,,
16295,2/11/2023,Sharon López,metro,,,,,,195,24.6,7.830404889,24.6,7.830424829,Bueno,,San Cristóbal,Finca Amangala ,,,,
16299,2/11/2023,Sharon López,metro,,,,,,169,16.1,5.124777184,16.1,5.124790234,Bueno,,San Cristóbal,Finca Amangala ,,,,
16320,2/11/2023,Sharon López,metro,,,,,,238,25.3,8.053221289,25.3,8.053241796,Bueno,,San Cristóbal,Finca Amangala ,,,,
16332,2/11/2023,Sharon López,metro,,,,,,,32,10.18589254,32,10.18591848,Bueno,No se tomó altura ,San Cristóbal,Finca Amangala ,,,,
16333,2/11/2023,Sharon López,metro,,,,,,208,20.6,6.557168322,20.6,6.55718502,Bueno,,San Cristóbal,Finca Amangala ,,,,
16354,2/11/2023,Sharon López,metro,,,,,,288,29.2,9.294626942,29.2,9.29465061,Bueno,,San Cristóbal,Finca Amangala ,,,,
16355,2/11/2023,Sharon López,metro,,,,,,178,24.8,7.894066718,24.8,7.89408682,Bueno,,San Cristóbal,Finca Amangala ,,,,
16438,2/11/2023,Sharon López,metro,,,,,,168,20.5,6.525337408,20.5,6.525354024,Bueno,,San Cristóbal,Finca Amangala ,,,,
16366,2/11/2023,Sharon López,metro,,,,,,211,36.2,11.52279093,36.2,11.52282028,Bueno,,San Cristóbal,Finca Amangala ,,,,
16429,2/11/2023,Sharon López,metro,,,,,,184,21,6.684491979,21,6.684509001,Bueno,,San Cristóbal,Finca Amangala ,,,,
15365,2/11/2023,Sharon López,metro,,,,,,165,22.2,7.066462949,22.2,7.066480943,Bueno,,San Cristóbal,Finca Amangala ,,,,
16367,2/11/2023,Sharon López,metro,,,,,,184,42,13.36898396,42,13.369018,Bueno,En área donde sale de la Waterboxx ,San Cristóbal,Finca Amangala ,,,,
16421,2/11/2023,Sharon López,metro,,,,,,159,19.9,6.334351923,19.9,6.334368053,Bueno,,San Cristóbal,Finca Amangala ,,,,
16335,2/11/2023,Sharon López,metro,,,,,,190,24.6,7.830404889,24.6,7.830424829,Bueno,,San Cristóbal,Finca Amangala ,,,,
16436,2/11/2023,Sharon López,metro,,,,,,209,56,17.82531194,59,18.78028719,Bueno,Ramificado desde la base ,San Cristóbal,Finca Amangala ,,,,
16435,2/11/2023,Sharon López,metro,,,,,,161,27.3,8.689839572,27.3,8.689861701,Bueno,,San Cristóbal,Finca Amangala ,,,,
16428,2/11/2023,Sharon López,metro,,,,,,262,21.2,6.748153807,21.2,6.748170991,Bueno,,San Cristóbal,Finca Amangala ,,,,
16422,2/11/2023,Sharon López,metro,,,,,,228,28.9,9.199134199,28.9,9.199157625,Bueno,,San Cristóbal,Finca Amangala ,,,,
16427,2/11/2023,Sharon López,metro,,,,,,107,12,3.819709702,12,3.819719429,Bueno,,San Cristóbal,Finca Amangala ,,,,
16336,2/11/2023,Sharon López,metro,,,,,,284,17.8,5.665902725,17.8,5.665917153,Bueno,,San Cristóbal,Finca Amangala ,,,,
16434,2/11/2023,Sharon López,metro,,,,,,258,17.7,5.634071811,17.7,5.634086158,Bueno,,San Cristóbal,Finca Amangala ,,,,
16433,2/11/2023,Sharon López,metro,,,,,,120,14.7,4.679144385,14.7,4.6791563,Bueno,,San Cristóbal,Finca Amangala ,,,,
16273,2/11/2023,Sharon López,metro,,,,,,220,22.8,7.257448434,22.8,7.257466915,Bueno,,San Cristóbal,Finca Amangala ,,,,
16294,2/11/2023,Sharon López,metro,,,,,,170,15.5,4.933791698,15.5,4.933804262,Bueno,,San Cristóbal,Finca Amangala ,,,,
16321,2/11/2023,Sharon López,metro,,,,,,330,58.7,18.68474663,58.7,18.68479421,Bueno,,San Cristóbal,Finca Amangala ,,,,
16322,2/11/2023,Sharon López,metro,,,,,,204,20.1,6.398013751,20.1,6.398030043,Bueno,,San Cristóbal,Finca Amangala ,,,,
16299,2/11/2023,Sharon López,metro,,,,,,169,20.4,6.493506494,20.4,6.493523029,Bueno,,San Cristóbal,Finca Amangala ,,,,
16353,2/11/2023,Sharon López,metro,,,,,,150,18.4,5.85688821,18.4,5.856903124,Bueno,,San Cristóbal,Finca Amangala ,,,,
16356,2/11/2023,Sharon López,metro,,,,,,170,17.8,5.665902725,17.8,5.665917153,Bueno,,San Cristóbal,Finca Amangala ,,,,
16352,2/11/2023,Sharon López,metro,,,,,,182.50,19.2,6.111535523,19.2,6.111551086,Bueno,,San Cristóbal,Finca Amangala ,,,,
16350,2/11/2023,Sharon López,metro,,,,,,206,30.61845849,9.746158035,43.3,13.78282094,Bueno,"2 ramas desde la base: 21.5, 21.8",San Cristóbal,Finca Amangala ,,,,
16423,2/11/2023,Sharon López,metro,,,,,,148,20.3,6.461675579,20.3,6.461692034,Bueno,,San Cristóbal,Finca Amangala ,,,,
16424,2/11/2023,Sharon López,metro,,,,,,160,21.1,6.716322893,21.1,6.716339996,Bueno,,San Cristóbal,Finca Amangala ,,,,
16430,2/11/2023,Sharon López,metro,,,,,,302,21.2,6.748153807,21.2,6.748170991,Bueno,,San Cristóbal,Finca Amangala ,,,,
16362,2/11/2023,Sharon López,metro,,,,,,165,18.3,5.825057296,18.3,5.825072129,Bueno,,San Cristóbal,Finca Amangala ,,,,
16443,2/11/2023,Sharon López,metro,,,,,,216,25.5,8.116883117,25.5,8.116903786,Bueno,,San Cristóbal,Finca Amangala ,,,,
16441,2/11/2023,Sharon López,metro,,,,,,152,16.5,5.25210084,16.5,5.252114215,Bueno,,San Cristóbal,Finca Amangala ,,,,
16440,2/11/2023,Sharon López,metro,,,,,,153,13.2,4.201680672,13.2,4.201691372,Bueno,,San Cristóbal,Finca Amangala ,,,,
16349,2/11/2023,Sharon López,metro,,,,,,215,17.8,5.665902725,17.8,5.665917153,Bueno,,San Cristóbal,Finca Amangala ,,,,
16348,2/11/2023,Sharon López,metro,,,,,,166,22,7.00280112,22,7.002818953,Bueno,,San Cristóbal,Finca Amangala ,,,,
16337,2/11/2023,Sharon López,metro,,,,,,249,32.7,10.40870894,32.7,10.40873544,Bueno,,San Cristóbal,Finca Amangala ,,,,
16323,2/11/2023,Sharon López,metro,,,,,,198,25.3,8.053221289,25.3,8.053241796,Bueno,,San Cristóbal,Finca Amangala ,,,,
16424,2/11/2023,Sharon López,metro,,,,,,160,27.3,8.689839572,27.3,8.689861701,Bueno,,San Cristóbal,Finca Amangala ,,,,
16300,2/11/2023,Sharon López,metro,,,,,,192,16.4,5.220269926,16.4,5.220283219,Bueno,,San Cristóbal,Finca Amangala ,,,,
16302,2/11/2023,Sharon López,metro,,,,,,250,23.5,7.480264833,23.5,7.480283882,Bueno,,San Cristóbal,Finca Amangala ,,,,
16298,2/11/2023,Sharon López,metro,,,,,,203,32,10.18589254,32,10.18591848,Bueno,,San Cristóbal,Finca Amangala ,,,,
16287,2/11/2023,Sharon López,metro,,,,,,195,8.7,2.769289534,8.7,2.769296586,Bueno,,San Cristóbal,Finca Amangala ,,,,
16312,2/11/2023,Sharon López,metro,,,,,,241,16.7,5.315762669,16.7,5.315776205,Bueno,,San Cristóbal,Finca Amangala ,,,,
16311,2/11/2023,Sharon López,metro,,,,,,190,35.4,11.26814362,35.4,11.26817232,Bueno,,San Cristóbal,Finca Amangala ,,,,
16313,2/11/2023,Sharon López,metro,,,,,,390,15.6505591,4.981727684,20.8,6.62084701,Bueno,"3 ramas desde el pecho: 9.3, 9.8, 7.9",San Cristóbal,Finca Amangala ,,,,
16351,2/11/2023,Sharon López,metro,,,,,,200,13.2,4.201680672,13.2,4.201691372,Bueno,,San Cristóbal,Finca Amangala ,,,,
16334,2/11/2023,Sharon López,metro,,,,,,244,34,10.82251082,34,10.82253838,Bueno,,San Cristóbal,Finca Amangala ,,,,
16328,2/11/2023,Sharon López,metro,,,,,,303,35.8,11.39546728,35.8,11.3954963,Bueno,,San Cristóbal,Finca Amangala ,,,,
16442,2/11/2023,Sharon López,metro,,,,,,230,25.1,7.98955946,25.1,7.989579805,Bueno,,San Cristóbal,Finca Amangala ,,,,
16149,31/10/2023,Paúl Mayorga,metro,,,,,,72,3,0.954927426,3,0.954929857,Bueno,,San Cristobal,Finca Las Colinas,,,,
16167,31/10/2023,Paúl Mayorga,metro,,,,,,94,3.5,1.114081996,3.5,1.114084833,Bueno,,San Cristobal,Finca Las Colinas,,,,
16182,31/10/2023,Paúl Mayorga,metro,,,,,,66,2.5,0.795772855,2.5,0.795774881,Bueno,,San Cristobal,Finca Las Colinas,,,,
16196,31/10/2023,Paúl Mayorga,metro,,,,,,170,8.4,2.673796791,8.4,2.6738036,Bueno,,San Cristobal,Finca Las Colinas,,,,
16253,31/10/2023,Paúl Mayorga,metro,,,,,,77,4.5,1.432391138,4.5,1.432394786,Bueno,,San Cristobal,Finca Las Colinas,,,,
16212,31/10/2023,Paúl Mayorga,metro,,,,,,98,6.7,2.13267125,6.7,2.132676681,Bueno,,San Cristobal,Finca Las Colinas,,,,
16217,31/10/2023,Paúl Mayorga,metro,,,,,,110,5.6,1.782531194,5.6,1.782535733,Bueno,,San Cristobal,Finca Las Colinas,,,,
16227,31/10/2023,Paúl Mayorga,metro,,,,,,67,6,1.909854851,6,1.909859714,Bueno,,San Cristobal,Finca Las Colinas,,,,
16230,31/10/2023,Paúl Mayorga,metro,,,,,,50,4.9,1.559714795,4.9,1.559718767,Bueno,,San Cristobal,Finca Las Colinas,,,,
16239,31/10/2023,Paúl Mayorga,metro,,,,,,81,7.8,2.482811306,7.8,2.482817629,Bueno,,San Cristobal,Finca Las Colinas,,,,
16496,31/10/2023,Paúl Mayorga,metro,,,,,,58,3.5,1.114081996,3.5,1.114084833,Bueno,,San Cristobal,Finca Las Colinas,,,,
16502,31/10/2023,Paúl Mayorga,metro,,,,,,37.5,2.3,0.732111026,2.3,0.732112891,Bueno,,San Cristobal,Finca Las Colinas,,,,
16504,31/10/2023,Paúl Mayorga,metro,,,,,,100,3,0.954927426,3,0.954929857,Bueno,,San Cristobal,Finca Las Colinas,,,,
16505,31/10/2023,Paúl Mayorga,metro,,,,,,74,4.1,1.305067482,4.1,1.305070805,Bueno,,San Cristobal,Finca Las Colinas,,,,
16539,31/10/2023,Paúl Mayorga,metro,,,,,,136,8.5,2.705627706,8.5,2.705634595,Bueno,,San Cristobal,Finca Las Colinas,,,,
16541,31/10/2023,Paúl Mayorga,metro,,,,,,110,6.2,1.973516679,6.2,1.973521705,Bueno,,San Cristobal,Finca Las Colinas,,,,
16398,31/10/2023,Paúl Mayorga,metro,,,,,,81,6,1.909854851,6,1.909859714,Bueno,,San Cristobal,Finca Las Colinas,,,,
16270,31/10/2023,Paúl Mayorga,metro,,,,,,117,10.3,3.278584161,10.3,3.27859251,Bueno,,San Cristobal,Finca Las Colinas,,,,
16266,31/10/2023,Paúl Mayorga,metro,,,,,,60,3.2,1.018589254,3.2,1.018591848,Bueno,,San Cristobal,Finca Las Colinas,,,,
16363,31/10/2023,Paúl Mayorga,metro,,,,,,225,3.8,1.209574739,3.8,1.209577819,Bueno,,San Cristobal,Finca Las Colinas,,,,
16230,31/10/2023,Paúl Mayorga,metro,,,,,,50,4,1.273236567,4,1.27323981,Bueno,,San Cristobal,Finca Las Colinas,,,,
16212,31/10/2023,Paúl Mayorga,metro,,,,,,98,5,1.591545709,5,1.591549762,Bueno,,San Cristobal,Finca Las Colinas,,,,
16241,31/10/2023,Paúl Mayorga,metro,,,,,,117,4,1.273236567,4,1.27323981,Bueno,,San Cristobal,Finca Las Colinas,,,,
16244,31/10/2023,Paúl Mayorga,metro,,,,,,62,3,0.954927426,3,0.954929857,Bueno,,San Cristobal,Finca Las Colinas,,,,
16514,31/10/2023,Paúl Mayorga,metro,,,,,,131,6,1.909854851,6,1.909859714,Bueno,,San Cristobal,Finca Las Colinas,,,,
16513,31/10/2023,Paúl Mayorga,metro,,,,,,90,3,0.954927426,3,0.954929857,Bueno,,San Cristobal,Finca Las Colinas,,,,
16523,31/10/2023,Paúl Mayorga,metro,,,,,,53,3,0.954927426,3,0.954929857,Bueno,,San Cristobal,Finca Las Colinas,,,,
16524,31/10/2023,Paúl Mayorga,metro,,,,,,38,2,0.636618284,2,0.636619905,Bueno,,San Cristobal,Finca Las Colinas,,,,
16527,31/10/2023,Paúl Mayorga,metro,,,,,,72,3,0.954927426,3,0.954929857,Bueno,,San Cristobal,Finca Las Colinas,,,,
16530,31/10/2023,Paúl Mayorga,metro,,,,,,107,5,1.591545709,5,1.591549762,Bueno,,San Cristobal,Finca Las Colinas,,,,
16532,31/10/2023,Paúl Mayorga,metro,,,,,,34,2,0.636618284,2,0.636619905,Bueno,,San Cristobal,Finca Las Colinas,,,,
16539,31/10/2023,Paúl Mayorga,metro,,,,,,136,6,1.909854851,6,1.909859714,Bueno,,San Cristobal,Finca Las Colinas,,,,
16395,31/10/2023,Paúl Mayorga,metro,,,,,,80,3,0.954927426,3,0.954929857,Bueno,,San Cristobal,Finca Las Colinas,,,,
16396,31/10/2023,Paúl Mayorga,metro,,,,,,119,6,1.909854851,6,1.909859714,Bueno,,San Cristobal,Finca Las Colinas,,,,
16389,31/10/2023,Paúl Mayorga,metro,,,,,,65,4,1.273236567,4,1.27323981,Bueno,,San Cristobal,Finca Las Colinas,,,,
16385,31/10/2023,Paúl Mayorga,metro,,,,,,50,5,1.591545709,5,1.591549762,Bueno,,San Cristobal,Finca Las Colinas,,,,
16403,31/10/2023,Paúl Mayorga,metro,,,,,,125,6,1.909854851,6,1.909859714,Bueno,,San Cristobal,Finca Las Colinas,,,,
16404,31/10/2023,Paúl Mayorga,metro,,,,,,89,6,1.909854851,6,1.909859714,Bueno,,San Cristobal,Finca Las Colinas,,,,
16269,31/10/2023,Paúl Mayorga,metro,,,,,,112,6,1.909854851,6,1.909859714,Bueno,,San Cristobal,Finca Las Colinas,,,,
16376,31/10/2023,Paúl Mayorga,metro,,,,,,60,3,0.954927426,3,0.954929857,Bueno,,San Cristobal,Finca Las Colinas,,,,
